Watching for file changes with StatReloader
"GET / HTTP/1.1" 200 117971
"GET /static/images/misc/banner15_82HKBmE.banner.png HTTP/1.1" 200 116724
"GET /static/js/yui/yuitest-beta.js HTTP/1.1" 200 98158
"GET /static/images/misc/banner15.banner.png HTTP/1.1" 200 116724
"GET /static/images/misc/TINI2-SS-15th-mkt1.banner.jpeg HTTP/1.1" 200 101324
"GET /static/images/misc/Nitecore_banner.banner.jpg HTTP/1.1" 200 127005
"GET /static/images/misc/P20iX.banner.png HTTP/1.1" 200 1051371
"GET /static/images/misc/NItecore_UT05_YBq71EM.banner.png HTTP/1.1" 200 275658
"GET /static/images/misc/Charger_Batteries.banner.jpg HTTP/1.1" 200 144158
"GET /static/images/misc/Deal_of_the_Day_Thursday_8.25_aD6tdCN.banner.png HTTP/1.1" 200 272217
"GET /static/images/misc/CLEARANCE_DEAL_TUES_AUG_22_-_Andrew-Amanda.COM_ckJztF2.banner.png HTTP/1.1" 200 287503
"GET /static/multiselect-master/js/locale/ui-multiselect-en.js?_=1776964315481 HTTP/1.1" 200 200
"GET /static/images/siteImg/banner.jpg HTTP/1.1" 200 374696
"GET /static/multiselect-master/js/locale/ui-multiselect-en-US.js?_=1776964315482 HTTP/1.1" 200 200
"GET /static/images/siteImg/social-Instagram-Icon.png HTTP/1.1" 200 894123
"GET /static/images/brands/main/fol_xKs6i5L.thumbnail.jpg HTTP/1.1" 404 6386
"GET /static/images/brands/main/klarus.thumbnail.png HTTP/1.1" 404 6366
"GET /catalog-product-Acebeam-M2-X-6500K/ HTTP/1.1" 200 120807
"GET /static/images/brands/main/fol_xKs6i5L.thumbnail.jpg HTTP/1.1" 404 6386
"GET /static/images/brands/main/klarus.thumbnail.png HTTP/1.1" 404 6366
"GET /static/multiselect-master/js/locale/ui-multiselect-en.js?_=1776964322093 HTTP/1.1" 200 200
"GET /static/multiselect-master/js/locale/ui-multiselect-en-US.js?_=1776964322094 HTTP/1.1" 200 200
"GET /admin_files/css/images/ui-bg_gloss-wave_35_f6a828_500x100.png HTTP/1.1" 404 1916
"GET /admin_files/css/images/ui-icons_ef8c08_256x240.png HTTP/1.1" 404 1883
"GET /static/images/products/main/M2-X-02.super.jpeg HTTP/1.1" 200 187081
"GET /static/images/products/main/M2-X-01.super.jpeg HTTP/1.1" 200 157975
"GET /static/images/products/main/M2-X-05.super.jpeg HTTP/1.1" 200 125022
"GET /static/images/products/main/M2-X-04.super.jpeg HTTP/1.1" 200 125905
"GET /static/images/products/main/M2-X-main.super.jpg HTTP/1.1" 200 93971
"GET /static/images/products/main/M2-X-06.super.jpeg HTTP/1.1" 200 196758
"GET /static/images/products/main/M2-X-08.super.jpeg HTTP/1.1" 200 153300
"GET /static/images/products/main/0082431_terminator-m2-x-with-rgb.super.jpeg HTTP/1.1" 200 126055
"GET /static/images/products/main/M2-X-14.super.jpeg HTTP/1.1" 200 178067
"GET /static/images/products/main/M2-X-10_dfza8n6.large.gif HTTP/1.1" 200 86447
"GET /static/images/products/main/M2-X-10_dfza8n6.super.gif HTTP/1.1" 200 1102539
"GET /catalog/relatedproducts/?load_products=1&_=1776964322095 HTTP/1.1" 200 2669
"GET /static/images/products/main/Carbo20000-Main.super.jpg HTTP/1.1" 200 96432
"GET /static/images/products/main/Carbo20000MPB21Kit.super.jpg HTTP/1.1" 200 119092
"GET /static/images/products/main/201810171418171545.super.png HTTP/1.1" 200 292569
"GET /nameyourprice/makeoffer/?p=Acebeam-M2-X-6500K HTTP/1.1" 200 184957
"GET /static/images/brands/main/fol_xKs6i5L.thumbnail.jpg HTTP/1.1" 404 6386
"GET /static/images/brands/main/klarus.thumbnail.png HTTP/1.1" 404 6366
"GET /static/images/siteImg/get-quote-button.jpg HTTP/1.1" 200 28727
"GET /static/multiselect-master/js/locale/ui-multiselect-en.js?_=1776964326415 HTTP/1.1" 200 200
"GET /static/multiselect-master/js/locale/ui-multiselect-en-US.js?_=1776964326416 HTTP/1.1" 200 200
"GET /admin_files/css/images/ui-bg_highlight-soft_100_eeeeee_1x100.png HTTP/1.1" 404 1925
"GET /admin_files/css/images/ui-bg_glass_100_f6f6f6_1x400.png HTTP/1.1" 404 1898
"GET /static/base/desktop/img/header-6.0/header-images.png HTTP/1.1" 404 6390
"GET /nameyourprice/makeoffer/ HTTP/1.1" 200 184957
"GET /static/images/brands/main/fol_xKs6i5L.thumbnail.jpg HTTP/1.1" 404 6386
"GET /static/images/brands/main/klarus.thumbnail.png HTTP/1.1" 404 6366
"GET /static/multiselect-master/js/locale/ui-multiselect-en.js?_=1776964327706 HTTP/1.1" 200 200
"GET /static/multiselect-master/js/locale/ui-multiselect-en-US.js?_=1776964327707 HTTP/1.1" 200 200
"GET /.well-known/appspecific/com.chrome.devtools.json HTTP/1.1" 404 6127
"GET /nameyourprice/makeoffer/ HTTP/1.1" 200 542392
"GET /.well-known/appspecific/com.chrome.devtools.json HTTP/1.1" 404 6127
"GET /static/mobile/css/mobile.css HTTP/1.1" 200 180324
"GET /mobile/getcartsize/ HTTP/1.1" 200 15
Watching for file changes with StatReloader
"GET /nameyourprice/makeoffer/ HTTP/1.1" 200 542392
"GET /.well-known/appspecific/com.chrome.devtools.json HTTP/1.1" 404 6127
"GET /mobile/getcartsize/ HTTP/1.1" 200 15
"GET / HTTP/1.1" 200 174518
"GET /.well-known/appspecific/com.chrome.devtools.json HTTP/1.1" 404 6127
"GET /mobile/getcartsize/ HTTP/1.1" 200 15
"GET / HTTP/1.1" 200 115934
"GET /static/images/brands/main/klarus.thumbnail.png HTTP/1.1" 404 6366
"GET /static/images/brands/main/fol_xKs6i5L.thumbnail.jpg HTTP/1.1" 404 6386
"GET /static/base/desktop/img/header-6.0/header-images.png HTTP/1.1" 404 6390
"GET /catalog-product-Acebeam-M2-X-6500K/ HTTP/1.1" 200 119423
"GET /static/images/brands/main/fol_xKs6i5L.thumbnail.jpg HTTP/1.1" 404 6386
"GET /static/images/brands/main/klarus.thumbnail.png HTTP/1.1" 404 6366
"GET /admin_files/css/images/ui-icons_ef8c08_256x240.png HTTP/1.1" 404 1883
"GET /admin_files/css/images/ui-bg_gloss-wave_35_f6a828_500x100.png HTTP/1.1" 404 1916
"GET /catalog/relatedproducts/?load_products=1&_=1776964996073 HTTP/1.1" 200 2669
"GET /nameyourprice/makeoffer/?p=Acebeam-M2-X-6500K HTTP/1.1" 200 184030
"GET /static/images/brands/main/klarus.thumbnail.png HTTP/1.1" 404 6366
"GET /static/images/brands/main/fol_xKs6i5L.thumbnail.jpg HTTP/1.1" 404 6386
"GET /static/multiselect-master/js/locale/ui-multiselect-en.js?_=1776965000356 HTTP/1.1" 200 200
"GET /static/multiselect-master/js/locale/ui-multiselect-en-US.js?_=1776965000357 HTTP/1.1" 200 200
"GET /admin_files/css/images/ui-bg_highlight-soft_100_eeeeee_1x100.png HTTP/1.1" 404 1925
"GET /admin_files/css/images/ui-bg_glass_100_f6f6f6_1x400.png HTTP/1.1" 404 1898
"GET /admin_files/css/images/ui-icons_ef8c08_256x240.png HTTP/1.1" 404 1883
"GET /admin_files/css/images/ui-bg_glass_100_fdf5ce_1x400.png HTTP/1.1" 404 1898
Watching for file changes with StatReloader
"GET /catalog-price/between-150-and-200/ HTTP/1.1" 200 241779
"GET /static/images/brands/main/fol_xKs6i5L.thumbnail.jpg HTTP/1.1" 404 6386
"GET /static/images/products/main/E70NB20000.thumbnail.jpg HTTP/1.1" 404 6390
"GET /static/images/brands/main/klarus.thumbnail.png HTTP/1.1" 404 6366
"GET /static/images/products/main/E70Cu-Main_ezd4Z8g.thumbnail.jpg HTTP/1.1" 404 6422
"GET /static/images/products/main/E70-CUEDC_IeB1G3s.thumbnail.jpg HTTP/1.1" 404 6418
"GET /static/images/products/main/E70Cu-Main.thumbnail.jpg HTTP/1.1" 404 6390
"GET /static/images/products/main/E70Cu21700-Main_mdLxbL7.thumbnail.jpg HTTP/1.1" 404 6442
"GET /static/images/products/main/E70Cu21700-Main.thumbnail.jpg HTTP/1.1" 404 6410
"GET /static/images/products/main/E70-CUEDC.thumbnail.jpg HTTP/1.1" 404 6386
"GET /static/images/products/main/E70-SS21700-02_qC82f3n.thumbnail.jpg HTTP/1.1" 404 6438
"GET /static/images/products/main/E70-SS21700-01.thumbnail.jpg HTTP/1.1" 404 6406
"GET /static/images/products/main/E70-SS21700-02.thumbnail.jpg HTTP/1.1" 404 6406
"GET /static/base/desktop/img/header-6.0/header-images.png HTTP/1.1" 404 6390
"GET /static/images/products/main/E70-SS21700-01_bpxewP7.thumbnail.jpg HTTP/1.1" 404 6438
"GET /static/images/products/main/E70Ti-NObattery_w05GQGc.thumbnail.jpg HTTP/1.1" 404 6442
"GET /static/images/products/main/K30-GT-18650h-VC4.thumbnail.jpg HTTP/1.1" 404 6418
"GET /static/images/products/main/K30-GT-18650h.thumbnail.jpg HTTP/1.1" 404 6402
"GET /catalog-product-E70AL_21700_NB20000/ HTTP/1.1" 200 123810
"GET /static/images/products/main/E70NB20000.large.jpg HTTP/1.1" 404 6374
"GET /static/images/brands/main/fol_xKs6i5L.thumbnail.jpg HTTP/1.1" 404 6386
"GET /static/images/brands/main/klarus.thumbnail.png HTTP/1.1" 404 6366
"GET /admin_files/css/images/ui-icons_ef8c08_256x240.png HTTP/1.1" 404 1883
"GET /admin_files/css/images/ui-bg_gloss-wave_35_f6a828_500x100.png HTTP/1.1" 404 1916
"GET /static/images/products/main/0063439_e70-al.super.jpg HTTP/1.1" 404 6390
"GET /static/images/products/main/E70NB20000.large.jpg HTTP/1.1" 404 6374
"GET /static/images/products/main/0063440_e70-al.super.jpg HTTP/1.1" 404 6390
"GET /static/images/products/main/0063441_e70-al.super.jpg HTTP/1.1" 404 6390
"GET /static/images/products/main/E70NB20000.super.jpg HTTP/1.1" 404 6374
"GET /static/images/products/main/ezgif.com-gif-maker_5.super.jpg HTTP/1.1" 404 6418
"GET /static/images/products/main/0063438_e70-al.super.jpg HTTP/1.1" 404 6390
"GET /static/images/products/main/ezgif.com-gif-maker_4.thumbnail.jpg HTTP/1.1" 404 6434
"GET /static/images/products/main/ezgif.com-gif-maker_5.thumbnail.jpg HTTP/1.1" 404 6434
"GET /static/images/products/main/0063439_e70-al.thumbnail.jpg HTTP/1.1" 404 6406
"GET /static/images/products/main/0063438_e70-al.thumbnail.jpg HTTP/1.1" 404 6406
"GET /static/images/products/main/0063441_e70-al.thumbnail.jpg HTTP/1.1" 404 6406
"GET /static/images/products/main/E70NB20000.thumbnail.jpg HTTP/1.1" 404 6390
"GET /static/images/products/main/0063440_e70-al.thumbnail.jpg HTTP/1.1" 404 6406
"GET /static/images/products/main/ezgif.com-gif-maker_4.super.jpg HTTP/1.1" 404 6418
"GET /static/images/products/main/0063439_e70-al.large.jpg HTTP/1.1" 404 6390
"GET /static/images/products/main/ezgif.com-gif-maker_5.thumbnail.jpg HTTP/1.1" 404 6434
"GET /static/images/products/main/ezgif.com-gif-maker_4.thumbnail.jpg HTTP/1.1" 404 6434
"GET /static/images/products/main/0063440_e70-al.large.jpg HTTP/1.1" 404 6390
"GET /static/images/products/main/0063441_e70-al.large.jpg HTTP/1.1" 404 6390
"GET /static/images/products/main/ezgif.com-gif-maker_4.large.jpg HTTP/1.1" 404 6418
"GET /static/images/products/main/ezgif.com-gif-maker_5.large.jpg HTTP/1.1" 404 6418
"GET /static/images/products/main/0063438_e70-al.large.jpg HTTP/1.1" 404 6390
"GET /catalog/relatedproducts/?load_products=1&_=1776965564535 HTTP/1.1" 200 14585
"GET /static/images/products/main/E70-ALEDC.super.jpg HTTP/1.1" 404 6370
"GET /static/images/products/main/E70-CUEDC_IeB1G3s.super.jpg HTTP/1.1" 404 6402
"GET /static/images/products/main/E70-CUEDC.super.jpg HTTP/1.1" 404 6370
"GET /static/images/products/main/E70NB20000.super.jpg HTTP/1.1" 404 6374
"GET /static/images/products/main/E70-SS21700-01.super.jpg HTTP/1.1" 404 6390
"GET /static/images/products/main/E70-SS21700-01_bpxewP7.super.jpg HTTP/1.1" 404 6422
"GET /static/images/products/main/E70-SS21700-02.super.jpg HTTP/1.1" 404 6390
"GET /static/images/products/main/E70-SS21700-02_qC82f3n.super.jpg HTTP/1.1" 404 6422
"GET /static/images/products/main/E70NB20000.large.jpg HTTP/1.1" 404 6374
"GET /static/images/products/main/E70Cu21700-Main_mdLxbL7.super.jpg HTTP/1.1" 404 6426
"GET /static/images/products/main/E70Cu21700-Main.super.jpg HTTP/1.1" 404 6394
"GET /static/images/products/main/E70Cu-Main.super.jpg HTTP/1.1" 404 6374
"GET /static/images/products/main/E70Cu-Main_ezd4Z8g.super.jpg HTTP/1.1" 404 6406
"GET /static/images/products/main/E70NB10000.super.jpg HTTP/1.1" 404 6374
"GET /static/images/products/main/E70NB5000.super.jpg HTTP/1.1" 404 6370
"GET /static/images/products/main/E70Battery.super.jpg HTTP/1.1" 404 6374
"GET /static/images/products/main/MPB21_2HPi.super.jpg HTTP/1.1" 404 6374
"GET /static/images/products/main/image_583.super.jpeg HTTP/1.1" 404 6374
"GET /static/images/products/main/0063438_e70-al.super.jpg HTTP/1.1" 404 6390
"GET /static/images/products/main/ezgif.com-gif-maker_5.super.jpg HTTP/1.1" 404 6418
"GET /static/images/products/main/0063441_e70-al.super.jpg HTTP/1.1" 404 6390
"GET /static/images/products/main/ezgif.com-gif-maker_4.super.jpg HTTP/1.1" 404 6418
"GET /static/images/products/main/0063439_e70-al.super.jpg HTTP/1.1" 404 6390
"GET /static/images/products/main/0063440_e70-al.super.jpg HTTP/1.1" 404 6390
"GET /admin_files/css/images/ui-bg_glass_100_f6f6f6_1x400.png HTTP/1.1" 404 1898
Watching for file changes with StatReloader
"GET /catalog-product-E70AL_21700_NB20000/ HTTP/1.1" 200 123810
"GET /static/images/products/main/E70NB20000.large.jpg HTTP/1.1" 404 6374
"GET /static/images/brands/main/fol_xKs6i5L.thumbnail.jpg HTTP/1.1" 404 6386
"GET /static/images/brands/main/klarus.thumbnail.png HTTP/1.1" 404 6366
"GET /static/images/products/main/0063440_e70-al.super.jpg HTTP/1.1" 404 6390
"GET /static/images/products/main/0063438_e70-al.super.jpg HTTP/1.1" 404 6390
"GET /static/images/products/main/E70NB20000.super.jpg HTTP/1.1" 404 6374
"GET /static/images/products/main/0063439_e70-al.super.jpg HTTP/1.1" 404 6390
"GET /static/images/products/main/0063441_e70-al.super.jpg HTTP/1.1" 404 6390
"GET /static/images/products/main/0063438_e70-al.thumbnail.jpg HTTP/1.1" 404 6406
"GET /static/images/products/main/0063439_e70-al.thumbnail.jpg HTTP/1.1" 404 6406
"GET /static/images/products/main/ezgif.com-gif-maker_5.thumbnail.jpg HTTP/1.1" 404 6434
"GET /static/images/products/main/0063440_e70-al.thumbnail.jpg HTTP/1.1" 404 6406
"GET /static/images/products/main/ezgif.com-gif-maker_4.thumbnail.jpg HTTP/1.1" 404 6434
"GET /static/images/products/main/0063441_e70-al.thumbnail.jpg HTTP/1.1" 404 6406
"GET /static/images/products/main/E70NB20000.thumbnail.jpg HTTP/1.1" 404 6390
"GET /static/images/products/main/ezgif.com-gif-maker_4.thumbnail.jpg HTTP/1.1" 404 6434
"GET /static/images/products/main/ezgif.com-gif-maker_4.super.jpg HTTP/1.1" 404 6418
"GET /static/images/products/main/ezgif.com-gif-maker_5.thumbnail.jpg HTTP/1.1" 404 6434
"GET /static/images/products/main/0063438_e70-al.thumbnail.jpg HTTP/1.1" 404 6406
"GET /static/images/products/main/ezgif.com-gif-maker_5.super.jpg HTTP/1.1" 404 6418
"GET /static/images/products/main/0063440_e70-al.large.jpg HTTP/1.1" 404 6390
"GET /static/images/products/main/0063439_e70-al.large.jpg HTTP/1.1" 404 6390
"GET /static/images/products/main/0063441_e70-al.large.jpg HTTP/1.1" 404 6390
"GET /static/images/products/main/0063438_e70-al.large.jpg HTTP/1.1" 404 6390
"GET /static/images/products/main/ezgif.com-gif-maker_5.large.jpg HTTP/1.1" 404 6418
"GET /static/images/products/main/ezgif.com-gif-maker_4.large.jpg HTTP/1.1" 404 6418
"GET /static/images/products/main/E70NB20000.large.jpg HTTP/1.1" 404 6374
"GET /static/images/products/main/0063439_e70-al.super.jpg HTTP/1.1" 404 6390
"GET /static/images/products/main/E70NB20000.super.jpg HTTP/1.1" 404 6374
"GET /static/images/products/main/0063441_e70-al.super.jpg HTTP/1.1" 404 6390
"GET /static/images/products/main/ezgif.com-gif-maker_4.super.jpg HTTP/1.1" 404 6418
"GET /static/images/products/main/0063440_e70-al.super.jpg HTTP/1.1" 404 6390
"GET /static/images/products/main/ezgif.com-gif-maker_5.super.jpg HTTP/1.1" 404 6418
"GET /static/images/products/main/0063438_e70-al.super.jpg HTTP/1.1" 404 6390
"GET /catalog/relatedproducts/?load_products=1&_=1776966157071 HTTP/1.1" 200 14585
"GET /static/images/products/main/E70-CUEDC_IeB1G3s.super.jpg HTTP/1.1" 404 6402
"GET /static/images/products/main/E70-CUEDC.super.jpg HTTP/1.1" 404 6370
"GET /static/images/products/main/E70NB20000.super.jpg HTTP/1.1" 404 6374
"GET /static/images/products/main/E70-SS21700-01.super.jpg HTTP/1.1" 404 6390
"GET /static/images/products/main/E70-SS21700-01_bpxewP7.super.jpg HTTP/1.1" 404 6422
"GET /static/images/products/main/E70-ALEDC.super.jpg HTTP/1.1" 404 6370
"GET /static/images/products/main/E70-SS21700-02_qC82f3n.super.jpg HTTP/1.1" 404 6422
"GET /static/images/products/main/E70Cu21700-Main.super.jpg HTTP/1.1" 404 6394
"GET /static/images/products/main/E70Cu21700-Main_mdLxbL7.super.jpg HTTP/1.1" 404 6426
"GET /static/images/products/main/E70NB5000.super.jpg HTTP/1.1" 404 6370
"GET /static/images/products/main/E70NB10000.super.jpg HTTP/1.1" 404 6374
"GET /static/images/products/main/E70-SS21700-02.super.jpg HTTP/1.1" 404 6390
"GET /static/images/products/main/E70Cu-Main_ezd4Z8g.super.jpg HTTP/1.1" 404 6406
"GET /static/images/products/main/E70Cu-Main.super.jpg HTTP/1.1" 404 6374
"GET /static/images/products/main/E70Battery.super.jpg HTTP/1.1" 404 6374
"GET /static/images/products/main/image_583.super.jpeg HTTP/1.1" 404 6374
"GET /static/images/products/main/MPB21_2HPi.super.jpg HTTP/1.1" 404 6374
"GET /static/images/products/main/E70-SS21700-01.super.jpg HTTP/1.1" 404 6390
"GET /static/images/products/main/E70-CUEDC_IeB1G3s.super.jpg HTTP/1.1" 404 6402
"GET /static/images/products/main/E70-SS21700-01_bpxewP7.super.jpg HTTP/1.1" 404 6422
"GET /static/images/products/main/E70NB20000.super.jpg HTTP/1.1" 404 6374
"GET /static/images/products/main/E70-ALEDC.super.jpg HTTP/1.1" 404 6370
"GET /static/images/products/main/E70-CUEDC.super.jpg HTTP/1.1" 404 6370
"GET /static/images/products/main/E70-SS21700-02_qC82f3n.super.jpg HTTP/1.1" 404 6422
"GET /.well-known/appspecific/com.chrome.devtools.json HTTP/1.1" 404 6127
"GET /static/js/magicslideshow/themes/default/graphics/buttons@2x.png HTTP/1.1" 404 6434
"GET /catalog-product-E70AL_21700_NB20000/ HTTP/1.1" 200 186861
"GET /.well-known/appspecific/com.chrome.devtools.json HTTP/1.1" 404 6127
"GET /static/images/products/main/0063439_e70-al.large.jpg HTTP/1.1" 404 6390
"GET /static/images/products/main/E70NB20000.large.jpg HTTP/1.1" 404 6374
"GET /static/images/products/main/0063441_e70-al.large.jpg HTTP/1.1" 404 6390
"GET /static/images/products/main/0063440_e70-al.large.jpg HTTP/1.1" 404 6390
"GET /static/images/products/main/ezgif.com-gif-maker_5.large.jpg HTTP/1.1" 404 6418
"GET /static/images/products/main/0063438_e70-al.large.jpg HTTP/1.1" 404 6390
"GET /static/images/products/main/ezgif.com-gif-maker_4.large.jpg HTTP/1.1" 404 6418
"GET /mobile/getcartsize/ HTTP/1.1" 200 15
"GET /static/js/magicslideshow/themes/default/graphics/buttons@2x.png HTTP/1.1" 404 6434
"GET /static/js/magiczoomplus/graphics/zoomin.cur HTTP/1.1" 404 6354
"GET /static/images/products/main/0063440_e70-al.thumbnail.jpg HTTP/1.1" 404 6406
"GET /static/images/products/main/E70NB20000.large.jpg HTTP/1.1" 404 6374
"GET /static/images/products/main/0063439_e70-al.large.jpg HTTP/1.1" 404 6390
"GET /static/images/products/main/0063438_e70-al.thumbnail.jpg HTTP/1.1" 404 6406
"GET /static/images/products/main/ezgif.com-gif-maker_4.thumbnail.jpg HTTP/1.1" 404 6434
"GET /static/images/products/main/ezgif.com-gif-maker_5.thumbnail.jpg HTTP/1.1" 404 6434
"GET /static/images/products/main/0063441_e70-al.thumbnail.jpg HTTP/1.1" 404 6406
"GET /static/images/products/main/E70NB20000.thumbnail.jpg HTTP/1.1" 404 6390
"GET /static/images/products/main/E70NB20000.super.jpg HTTP/1.1" 404 6374
"GET /static/images/products/main/0063439_e70-al.super.jpg HTTP/1.1" 404 6390
"GET /static/images/products/main/0063439_e70-al.thumbnail.jpg HTTP/1.1" 404 6406
"GET /static/images/products/main/0063441_e70-al.super.jpg HTTP/1.1" 404 6390
"GET /static/images/products/main/0063438_e70-al.super.jpg HTTP/1.1" 404 6390
"GET /static/images/products/main/0063440_e70-al.thumbnail.jpg HTTP/1.1" 404 6406
"GET /static/images/products/main/0063440_e70-al.super.jpg HTTP/1.1" 404 6390
"GET /static/images/products/main/ezgif.com-gif-maker_5.thumbnail.jpg HTTP/1.1" 404 6434
"GET /static/images/products/main/0063438_e70-al.thumbnail.jpg HTTP/1.1" 404 6406
"GET /static/images/products/main/ezgif.com-gif-maker_4.thumbnail.jpg HTTP/1.1" 404 6434
"GET /static/images/products/main/ezgif.com-gif-maker_5.super.jpg HTTP/1.1" 404 6418
"GET /static/images/products/main/ezgif.com-gif-maker_4.super.jpg HTTP/1.1" 404 6418
"GET /static/images/products/main/0063441_e70-al.large.jpg HTTP/1.1" 404 6390
"GET /static/images/products/main/E70NB20000.large.jpg HTTP/1.1" 404 6374
"GET /static/images/products/main/0063439_e70-al.large.jpg HTTP/1.1" 404 6390
"GET /static/images/products/main/0063439_e70-al.super.jpg HTTP/1.1" 404 6390
"GET /static/images/products/main/0063441_e70-al.super.jpg HTTP/1.1" 404 6390
"GET /static/images/products/main/E70NB20000.super.jpg HTTP/1.1" 404 6374
"GET /static/images/products/main/0063440_e70-al.super.jpg HTTP/1.1" 404 6390
"GET /static/images/products/main/0063438_e70-al.super.jpg HTTP/1.1" 404 6390
"GET /static/images/products/main/0063438_e70-al.large.jpg HTTP/1.1" 404 6390
"GET /static/images/products/main/ezgif.com-gif-maker_5.super.jpg HTTP/1.1" 404 6418
"GET /static/images/products/main/0063440_e70-al.large.jpg HTTP/1.1" 404 6390
"GET /static/images/products/main/ezgif.com-gif-maker_5.large.jpg HTTP/1.1" 404 6418
"GET /static/images/products/main/ezgif.com-gif-maker_4.super.jpg HTTP/1.1" 404 6418
"GET /static/images/products/main/ezgif.com-gif-maker_4.large.jpg HTTP/1.1" 404 6418
"GET /catalog-product-E70AL_21700_NB20000/ HTTP/1.1" 200 123810
"GET /static/images/products/main/E70NB20000.large.jpg HTTP/1.1" 404 6374
"GET /static/images/brands/main/klarus.thumbnail.png HTTP/1.1" 404 6366
"GET /static/images/brands/main/fol_xKs6i5L.thumbnail.jpg HTTP/1.1" 404 6386
"GET /static/images/products/main/E70NB20000.large.jpg HTTP/1.1" 404 6374
"GET /static/images/products/main/ezgif.com-gif-maker_4.thumbnail.jpg HTTP/1.1" 404 6434
"GET /static/images/products/main/0063440_e70-al.thumbnail.jpg HTTP/1.1" 404 6406
"GET /static/images/products/main/E70NB20000.thumbnail.jpg HTTP/1.1" 404 6390
"GET /static/images/products/main/0063439_e70-al.thumbnail.jpg HTTP/1.1" 404 6406
"GET /catalog/relatedproducts/?load_products=1&_=1776966400588 HTTP/1.1" 200 14585
"GET /static/images/products/main/0063438_e70-al.thumbnail.jpg HTTP/1.1" 404 6406
"GET /static/images/products/main/0063441_e70-al.thumbnail.jpg HTTP/1.1" 404 6406
"GET /admin_files/css/images/ui-icons_ef8c08_256x240.png HTTP/1.1" 404 1883
"GET /admin_files/css/images/ui-bg_gloss-wave_35_f6a828_500x100.png HTTP/1.1" 404 1916
"GET /static/images/products/main/0063440_e70-al.thumbnail.jpg HTTP/1.1" 404 6406
"GET /static/images/products/main/ezgif.com-gif-maker_5.thumbnail.jpg HTTP/1.1" 404 6434
"GET /static/images/products/main/ezgif.com-gif-maker_4.thumbnail.jpg HTTP/1.1" 404 6434
"GET /static/images/products/main/E70NB20000.super.jpg HTTP/1.1" 404 6374
"GET /static/images/products/main/0063439_e70-al.super.jpg HTTP/1.1" 404 6390
"GET /static/images/products/main/0063440_e70-al.super.jpg HTTP/1.1" 404 6390
"GET /static/images/products/main/0063438_e70-al.super.jpg HTTP/1.1" 404 6390
"GET /static/images/products/main/0063441_e70-al.super.jpg HTTP/1.1" 404 6390
"GET /static/images/products/main/0063439_e70-al.large.jpg HTTP/1.1" 404 6390
"GET /static/images/products/main/0063441_e70-al.large.jpg HTTP/1.1" 404 6390
"GET /static/images/products/main/ezgif.com-gif-maker_4.super.jpg HTTP/1.1" 404 6418
"GET /static/images/products/main/0063438_e70-al.large.jpg HTTP/1.1" 404 6390
"GET /admin_files/css/images/ui-bg_glass_100_f6f6f6_1x400.png HTTP/1.1" 404 1898
"GET /static/images/products/main/ezgif.com-gif-maker_5.super.jpg HTTP/1.1" 404 6418
"GET /static/images/products/main/0063440_e70-al.large.jpg HTTP/1.1" 404 6390
"GET /static/images/products/main/ezgif.com-gif-maker_5.large.jpg HTTP/1.1" 404 6418
"GET /static/images/products/main/ezgif.com-gif-maker_4.large.jpg HTTP/1.1" 404 6418
"GET /static/images/products/main/E70-CUEDC.super.jpg HTTP/1.1" 404 6370
"GET /static/images/products/main/E70NB20000.large.jpg HTTP/1.1" 404 6374
"GET /static/images/products/main/E70-ALEDC.super.jpg HTTP/1.1" 404 6370
"GET /static/images/products/main/E70-SS21700-01.super.jpg HTTP/1.1" 404 6390
"GET /static/images/products/main/E70-SS21700-01_bpxewP7.super.jpg HTTP/1.1" 404 6422
"GET /static/images/products/main/E70-CUEDC_IeB1G3s.super.jpg HTTP/1.1" 404 6402
"GET /static/images/products/main/E70-SS21700-02_qC82f3n.super.jpg HTTP/1.1" 404 6422
"GET /static/images/products/main/E70Cu21700-Main_mdLxbL7.super.jpg HTTP/1.1" 404 6426
"GET /static/images/products/main/E70Cu21700-Main.super.jpg HTTP/1.1" 404 6394
"GET /static/images/products/main/E70-SS21700-02.super.jpg HTTP/1.1" 404 6390
"GET /static/images/products/main/E70Cu-Main.super.jpg HTTP/1.1" 404 6374
"GET /static/images/products/main/E70NB5000.super.jpg HTTP/1.1" 404 6370
"GET /static/images/products/main/E70Cu-Main_ezd4Z8g.super.jpg HTTP/1.1" 404 6406
"GET /static/images/products/main/E70NB10000.super.jpg HTTP/1.1" 404 6374
"GET /static/images/products/main/E70Battery.super.jpg HTTP/1.1" 404 6374
"GET /static/images/products/main/MPB21_2HPi.super.jpg HTTP/1.1" 404 6374
"GET /static/images/products/main/image_583.super.jpeg HTTP/1.1" 404 6374
"GET /static/images/products/main/E70NB20000.super.jpg HTTP/1.1" 404 6374
"GET /static/images/products/main/0063441_e70-al.super.jpg HTTP/1.1" 404 6390
"GET /static/images/products/main/0063439_e70-al.super.jpg HTTP/1.1" 404 6390
"GET /static/images/products/main/0063440_e70-al.super.jpg HTTP/1.1" 404 6390
"GET /static/images/products/main/0063438_e70-al.super.jpg HTTP/1.1" 404 6390
"GET /static/images/products/main/ezgif.com-gif-maker_4.super.jpg HTTP/1.1" 404 6418
"GET /static/images/products/main/ezgif.com-gif-maker_5.super.jpg HTTP/1.1" 404 6418
Watching for file changes with StatReloader
"GET /catalog-product-E70AL_21700_NB20000/ HTTP/1.1" 200 124383
"GET /static/images/brands/main/klarus.thumbnail.png HTTP/1.1" 404 6366
"GET /static/images/brands/main/fol_xKs6i5L.thumbnail.jpg HTTP/1.1" 404 6386
"GET /static/images/products/main/E70NB20000.large.jpg HTTP/1.1" 404 6374
"GET /static/images/products/main/E70NB20000.super.jpg HTTP/1.1" 404 6374
"GET /static/images/products/main/E70NB20000.large.jpg HTTP/1.1" 404 6374
"GET /static/images/products/main/0063440_e70-al.super.jpg HTTP/1.1" 404 6390
"GET /static/images/products/main/0063439_e70-al.super.jpg HTTP/1.1" 404 6390
"GET /static/images/products/main/0063441_e70-al.super.jpg HTTP/1.1" 404 6390
"GET /static/images/products/main/0063438_e70-al.super.jpg HTTP/1.1" 404 6390
"GET /static/images/products/main/ezgif.com-gif-maker_5.super.jpg HTTP/1.1" 404 6418
"GET /static/images/products/main/0063441_e70-al.thumbnail.jpg HTTP/1.1" 404 6406
"GET /static/images/products/main/0063438_e70-al.thumbnail.jpg HTTP/1.1" 404 6406
"GET /static/images/products/main/E70NB20000.thumbnail.jpg HTTP/1.1" 404 6390
"GET /static/images/products/main/0063439_e70-al.thumbnail.jpg HTTP/1.1" 404 6406
"GET /static/images/products/main/ezgif.com-gif-maker_4.thumbnail.jpg HTTP/1.1" 404 6434
"GET /static/images/products/main/0063440_e70-al.thumbnail.jpg HTTP/1.1" 404 6406
"GET /static/images/products/main/ezgif.com-gif-maker_4.super.jpg HTTP/1.1" 404 6418
"GET /static/images/products/main/ezgif.com-gif-maker_5.thumbnail.jpg HTTP/1.1" 404 6434
"GET /static/images/products/main/0063440_e70-al.large.jpg HTTP/1.1" 404 6390
"GET /static/images/products/main/0063441_e70-al.large.jpg HTTP/1.1" 404 6390
"GET /static/images/products/main/0063439_e70-al.large.jpg HTTP/1.1" 404 6390
"GET /static/images/products/main/ezgif.com-gif-maker_5.large.jpg HTTP/1.1" 404 6418
"GET /static/images/products/main/0063438_e70-al.large.jpg HTTP/1.1" 404 6390
"GET /static/images/products/main/ezgif.com-gif-maker_4.large.jpg HTTP/1.1" 404 6418
"GET /static/images/products/main/0063438_e70-al.super.jpg HTTP/1.1" 404 6390
"GET /static/images/products/main/0063440_e70-al.super.jpg HTTP/1.1" 404 6390
"GET /static/images/products/main/E70NB20000.large.jpg HTTP/1.1" 404 6374
"GET /static/images/products/main/E70NB20000.super.jpg HTTP/1.1" 404 6374
"GET /static/images/products/main/0063439_e70-al.super.jpg HTTP/1.1" 404 6390
"GET /static/images/products/main/0063441_e70-al.super.jpg HTTP/1.1" 404 6390
"GET /static/images/products/main/ezgif.com-gif-maker_5.super.jpg HTTP/1.1" 404 6418
"GET /static/images/products/main/ezgif.com-gif-maker_4.super.jpg HTTP/1.1" 404 6418
"GET /static/base/desktop/img/header-6.0/header-images.png HTTP/1.1" 404 6390
"GET /admin/ HTTP/1.1" 200 98439
"GET /admin_files/admin/fonts/Roboto-Bold-webfont.woff HTTP/1.1" 200 86184
"GET /admin_files/admin/fonts/Roboto-Light-webfont.woff HTTP/1.1" 200 85692
"GET /admin_files/admin/fonts/Roboto-Regular-webfont.woff HTTP/1.1" 200 85876
"GET /admin/catalog/product/ HTTP/1.1" 200 335123
"GET /admin_files/admin/css/forms.css HTTP/1.1" 200 8804
"GET /static/js/admin/jquery.charCount.js HTTP/1.1" 200 4732
"GET /admin_files/admin/js/vendor/xregexp/xregexp.js HTTP/1.1" 200 232381
"GET /admin_files/admin/js/vendor/jquery/jquery.js HTTP/1.1" 200 287630
"GET /admin/jsi18n/ HTTP/1.1" 200 3343
"GET /admin_files/admin/css/widgets.css HTTP/1.1" 200 11097
Internal Server Error: /admin/catalog/product/3291/change/
Traceback (most recent call last):
  File "/Users/wangmingye/Projects/env/lib/python3.9/site-packages/django/db/models/options.py", line 672, in get_field
    return self.fields_map[field_name]
KeyError: 'image_dimensions'

During handling of the above exception, another exception occurred:

Traceback (most recent call last):
  File "/Users/wangmingye/Projects/env/lib/python3.9/site-packages/django/contrib/admin/utils.py", line 271, in lookup_field
    f = _get_non_gfk_field(opts, name)
  File "/Users/wangmingye/Projects/env/lib/python3.9/site-packages/django/contrib/admin/utils.py", line 302, in _get_non_gfk_field
    field = opts.get_field(name)
  File "/Users/wangmingye/Projects/env/lib/python3.9/site-packages/django/db/models/options.py", line 674, in get_field
    raise FieldDoesNotExist(
django.core.exceptions.FieldDoesNotExist: AdditionalImages has no field named 'image_dimensions'

During handling of the above exception, another exception occurred:

Traceback (most recent call last):
  File "/Users/wangmingye/Projects/env/lib/python3.9/site-packages/django/core/handlers/exception.py", line 55, in inner
    response = get_response(request)
  File "/Users/wangmingye/Projects/env/lib/python3.9/site-packages/django/core/handlers/base.py", line 220, in _get_response
    response = response.render()
  File "/Users/wangmingye/Projects/env/lib/python3.9/site-packages/django/template/response.py", line 114, in render
    self.content = self.rendered_content
  File "/Users/wangmingye/Projects/env/lib/python3.9/site-packages/django/template/response.py", line 92, in rendered_content
    return template.render(context, self._request)
  File "/Users/wangmingye/Projects/env/lib/python3.9/site-packages/django/template/backends/django.py", line 62, in render
    return self.template.render(context)
  File "/Users/wangmingye/Projects/env/lib/python3.9/site-packages/django/template/base.py", line 175, in render
    return self._render(context)
  File "/Users/wangmingye/Projects/env/lib/python3.9/site-packages/django/template/base.py", line 167, in _render
    return self.nodelist.render(context)
  File "/Users/wangmingye/Projects/env/lib/python3.9/site-packages/django/template/base.py", line 1000, in render
    return SafeString("".join([node.render_annotated(context) for node in self]))
  File "/Users/wangmingye/Projects/env/lib/python3.9/site-packages/django/template/base.py", line 1000, in <listcomp>
    return SafeString("".join([node.render_annotated(context) for node in self]))
  File "/Users/wangmingye/Projects/env/lib/python3.9/site-packages/django/template/base.py", line 958, in render_annotated
    return self.render(context)
  File "/Users/wangmingye/Projects/env/lib/python3.9/site-packages/django/template/loader_tags.py", line 157, in render
    return compiled_parent._render(context)
  File "/Users/wangmingye/Projects/env/lib/python3.9/site-packages/django/template/base.py", line 167, in _render
    return self.nodelist.render(context)
  File "/Users/wangmingye/Projects/env/lib/python3.9/site-packages/django/template/base.py", line 1000, in render
    return SafeString("".join([node.render_annotated(context) for node in self]))
  File "/Users/wangmingye/Projects/env/lib/python3.9/site-packages/django/template/base.py", line 1000, in <listcomp>
    return SafeString("".join([node.render_annotated(context) for node in self]))
  File "/Users/wangmingye/Projects/env/lib/python3.9/site-packages/django/template/base.py", line 958, in render_annotated
    return self.render(context)
  File "/Users/wangmingye/Projects/env/lib/python3.9/site-packages/django/template/loader_tags.py", line 157, in render
    return compiled_parent._render(context)
  File "/Users/wangmingye/Projects/env/lib/python3.9/site-packages/django/template/base.py", line 167, in _render
    return self.nodelist.render(context)
  File "/Users/wangmingye/Projects/env/lib/python3.9/site-packages/django/template/base.py", line 1000, in render
    return SafeString("".join([node.render_annotated(context) for node in self]))
  File "/Users/wangmingye/Projects/env/lib/python3.9/site-packages/django/template/base.py", line 1000, in <listcomp>
    return SafeString("".join([node.render_annotated(context) for node in self]))
  File "/Users/wangmingye/Projects/env/lib/python3.9/site-packages/django/template/base.py", line 958, in render_annotated
    return self.render(context)
  File "/Users/wangmingye/Projects/env/lib/python3.9/site-packages/django/template/loader_tags.py", line 157, in render
    return compiled_parent._render(context)
  File "/Users/wangmingye/Projects/env/lib/python3.9/site-packages/django/template/base.py", line 167, in _render
    return self.nodelist.render(context)
  File "/Users/wangmingye/Projects/env/lib/python3.9/site-packages/django/template/base.py", line 1000, in render
    return SafeString("".join([node.render_annotated(context) for node in self]))
  File "/Users/wangmingye/Projects/env/lib/python3.9/site-packages/django/template/base.py", line 1000, in <listcomp>
    return SafeString("".join([node.render_annotated(context) for node in self]))
  File "/Users/wangmingye/Projects/env/lib/python3.9/site-packages/django/template/base.py", line 958, in render_annotated
    return self.render(context)
  File "/Users/wangmingye/Projects/env/lib/python3.9/site-packages/django/template/loader_tags.py", line 63, in render
    result = block.nodelist.render(context)
  File "/Users/wangmingye/Projects/env/lib/python3.9/site-packages/django/template/base.py", line 1000, in render
    return SafeString("".join([node.render_annotated(context) for node in self]))
  File "/Users/wangmingye/Projects/env/lib/python3.9/site-packages/django/template/base.py", line 1000, in <listcomp>
    return SafeString("".join([node.render_annotated(context) for node in self]))
  File "/Users/wangmingye/Projects/env/lib/python3.9/site-packages/django/template/base.py", line 958, in render_annotated
    return self.render(context)
  File "/Users/wangmingye/Projects/env/lib/python3.9/site-packages/django/template/loader_tags.py", line 63, in render
    result = block.nodelist.render(context)
  File "/Users/wangmingye/Projects/env/lib/python3.9/site-packages/django/template/base.py", line 1000, in render
    return SafeString("".join([node.render_annotated(context) for node in self]))
  File "/Users/wangmingye/Projects/env/lib/python3.9/site-packages/django/template/base.py", line 1000, in <listcomp>
    return SafeString("".join([node.render_annotated(context) for node in self]))
  File "/Users/wangmingye/Projects/env/lib/python3.9/site-packages/django/template/base.py", line 958, in render_annotated
    return self.render(context)
  File "/Users/wangmingye/Projects/env/lib/python3.9/site-packages/django/template/defaulttags.py", line 238, in render
    nodelist.append(node.render_annotated(context))
  File "/Users/wangmingye/Projects/env/lib/python3.9/site-packages/django/template/base.py", line 958, in render_annotated
    return self.render(context)
  File "/Users/wangmingye/Projects/env/lib/python3.9/site-packages/django/template/loader_tags.py", line 208, in render
    return template.render(context)
  File "/Users/wangmingye/Projects/env/lib/python3.9/site-packages/django/template/base.py", line 177, in render
    return self._render(context)
  File "/Users/wangmingye/Projects/env/lib/python3.9/site-packages/django/template/base.py", line 167, in _render
    return self.nodelist.render(context)
  File "/Users/wangmingye/Projects/env/lib/python3.9/site-packages/django/template/base.py", line 1000, in render
    return SafeString("".join([node.render_annotated(context) for node in self]))
  File "/Users/wangmingye/Projects/env/lib/python3.9/site-packages/django/template/base.py", line 1000, in <listcomp>
    return SafeString("".join([node.render_annotated(context) for node in self]))
  File "/Users/wangmingye/Projects/env/lib/python3.9/site-packages/django/template/base.py", line 958, in render_annotated
    return self.render(context)
  File "/Users/wangmingye/Projects/env/lib/python3.9/site-packages/django/template/defaulttags.py", line 238, in render
    nodelist.append(node.render_annotated(context))
  File "/Users/wangmingye/Projects/env/lib/python3.9/site-packages/django/template/base.py", line 958, in render_annotated
    return self.render(context)
  File "/Users/wangmingye/Projects/env/lib/python3.9/site-packages/django/template/defaulttags.py", line 238, in render
    nodelist.append(node.render_annotated(context))
  File "/Users/wangmingye/Projects/env/lib/python3.9/site-packages/django/template/base.py", line 958, in render_annotated
    return self.render(context)
  File "/Users/wangmingye/Projects/env/lib/python3.9/site-packages/django/template/defaulttags.py", line 238, in render
    nodelist.append(node.render_annotated(context))
  File "/Users/wangmingye/Projects/env/lib/python3.9/site-packages/django/template/base.py", line 958, in render_annotated
    return self.render(context)
  File "/Users/wangmingye/Projects/env/lib/python3.9/site-packages/django/template/defaulttags.py", line 238, in render
    nodelist.append(node.render_annotated(context))
  File "/Users/wangmingye/Projects/env/lib/python3.9/site-packages/django/template/base.py", line 958, in render_annotated
    return self.render(context)
  File "/Users/wangmingye/Projects/env/lib/python3.9/site-packages/django/template/defaulttags.py", line 322, in render
    return nodelist.render(context)
  File "/Users/wangmingye/Projects/env/lib/python3.9/site-packages/django/template/base.py", line 1000, in render
    return SafeString("".join([node.render_annotated(context) for node in self]))
  File "/Users/wangmingye/Projects/env/lib/python3.9/site-packages/django/template/base.py", line 1000, in <listcomp>
    return SafeString("".join([node.render_annotated(context) for node in self]))
  File "/Users/wangmingye/Projects/env/lib/python3.9/site-packages/django/template/base.py", line 958, in render_annotated
    return self.render(context)
  File "/Users/wangmingye/Projects/env/lib/python3.9/site-packages/django/template/base.py", line 1059, in render
    output = self.filter_expression.resolve(context)
  File "/Users/wangmingye/Projects/env/lib/python3.9/site-packages/django/template/base.py", line 712, in resolve
    obj = self.var.resolve(context)
  File "/Users/wangmingye/Projects/env/lib/python3.9/site-packages/django/template/base.py", line 842, in resolve
    value = self._resolve_lookup(context)
  File "/Users/wangmingye/Projects/env/lib/python3.9/site-packages/django/template/base.py", line 909, in _resolve_lookup
    current = current()
  File "/Users/wangmingye/Projects/env/lib/python3.9/site-packages/django/contrib/admin/helpers.py", line 265, in contents
    f, attr, value = lookup_field(field, obj, model_admin)
  File "/Users/wangmingye/Projects/env/lib/python3.9/site-packages/django/contrib/admin/utils.py", line 280, in lookup_field
    value = attr(obj)
  File "/Users/wangmingye/Projects/flashlights/ecomstore/catalog/admin.py", line 128, in image_dimensions
    width, height = obj.a_image.width, obj.a_image.height
  File "/Users/wangmingye/Projects/env/lib/python3.9/site-packages/django/core/files/images.py", line 20, in width
    return self._get_image_dimensions()[0]
  File "/Users/wangmingye/Projects/env/lib/python3.9/site-packages/django/core/files/images.py", line 29, in _get_image_dimensions
    self.open()
  File "/Users/wangmingye/Projects/env/lib/python3.9/site-packages/django/db/models/fields/files.py", line 78, in open
    self.file = self.storage.open(self.name, mode)
  File "/Users/wangmingye/Projects/env/lib/python3.9/site-packages/django/core/files/storage.py", line 41, in open
    return self._open(name, mode)
  File "/Users/wangmingye/Projects/env/lib/python3.9/site-packages/django/core/files/storage.py", line 277, in _open
    return File(open(self.path(name), mode))
FileNotFoundError: [Errno 2] No such file or directory: '/Users/wangmingye/Projects/flashlights/ecomstore/static/images/products/main/K75-2_01.webp'
Internal Server Error: /admin/catalog/product/3291/change/
Traceback (most recent call last):
  File "/Users/wangmingye/Projects/env/lib/python3.9/site-packages/django/db/models/options.py", line 672, in get_field
    return self.fields_map[field_name]
KeyError: 'image_dimensions'

During handling of the above exception, another exception occurred:

Traceback (most recent call last):
  File "/Users/wangmingye/Projects/env/lib/python3.9/site-packages/django/contrib/admin/utils.py", line 271, in lookup_field
    f = _get_non_gfk_field(opts, name)
  File "/Users/wangmingye/Projects/env/lib/python3.9/site-packages/django/contrib/admin/utils.py", line 302, in _get_non_gfk_field
    field = opts.get_field(name)
  File "/Users/wangmingye/Projects/env/lib/python3.9/site-packages/django/db/models/options.py", line 674, in get_field
    raise FieldDoesNotExist(
django.core.exceptions.FieldDoesNotExist: AdditionalImages has no field named 'image_dimensions'

During handling of the above exception, another exception occurred:

Traceback (most recent call last):
  File "/Users/wangmingye/Projects/env/lib/python3.9/site-packages/django/core/handlers/exception.py", line 55, in inner
    response = get_response(request)
  File "/Users/wangmingye/Projects/env/lib/python3.9/site-packages/django/core/handlers/base.py", line 220, in _get_response
    response = response.render()
  File "/Users/wangmingye/Projects/env/lib/python3.9/site-packages/django/template/response.py", line 114, in render
    self.content = self.rendered_content
  File "/Users/wangmingye/Projects/env/lib/python3.9/site-packages/django/template/response.py", line 92, in rendered_content
    return template.render(context, self._request)
  File "/Users/wangmingye/Projects/env/lib/python3.9/site-packages/django/template/backends/django.py", line 62, in render
    return self.template.render(context)
  File "/Users/wangmingye/Projects/env/lib/python3.9/site-packages/django/template/base.py", line 175, in render
    return self._render(context)
  File "/Users/wangmingye/Projects/env/lib/python3.9/site-packages/django/template/base.py", line 167, in _render
    return self.nodelist.render(context)
  File "/Users/wangmingye/Projects/env/lib/python3.9/site-packages/django/template/base.py", line 1000, in render
    return SafeString("".join([node.render_annotated(context) for node in self]))
  File "/Users/wangmingye/Projects/env/lib/python3.9/site-packages/django/template/base.py", line 1000, in <listcomp>
    return SafeString("".join([node.render_annotated(context) for node in self]))
  File "/Users/wangmingye/Projects/env/lib/python3.9/site-packages/django/template/base.py", line 958, in render_annotated
    return self.render(context)
  File "/Users/wangmingye/Projects/env/lib/python3.9/site-packages/django/template/loader_tags.py", line 157, in render
    return compiled_parent._render(context)
  File "/Users/wangmingye/Projects/env/lib/python3.9/site-packages/django/template/base.py", line 167, in _render
    return self.nodelist.render(context)
  File "/Users/wangmingye/Projects/env/lib/python3.9/site-packages/django/template/base.py", line 1000, in render
    return SafeString("".join([node.render_annotated(context) for node in self]))
  File "/Users/wangmingye/Projects/env/lib/python3.9/site-packages/django/template/base.py", line 1000, in <listcomp>
    return SafeString("".join([node.render_annotated(context) for node in self]))
  File "/Users/wangmingye/Projects/env/lib/python3.9/site-packages/django/template/base.py", line 958, in render_annotated
    return self.render(context)
  File "/Users/wangmingye/Projects/env/lib/python3.9/site-packages/django/template/loader_tags.py", line 157, in render
    return compiled_parent._render(context)
  File "/Users/wangmingye/Projects/env/lib/python3.9/site-packages/django/template/base.py", line 167, in _render
    return self.nodelist.render(context)
  File "/Users/wangmingye/Projects/env/lib/python3.9/site-packages/django/template/base.py", line 1000, in render
    return SafeString("".join([node.render_annotated(context) for node in self]))
  File "/Users/wangmingye/Projects/env/lib/python3.9/site-packages/django/template/base.py", line 1000, in <listcomp>
    return SafeString("".join([node.render_annotated(context) for node in self]))
  File "/Users/wangmingye/Projects/env/lib/python3.9/site-packages/django/template/base.py", line 958, in render_annotated
    return self.render(context)
  File "/Users/wangmingye/Projects/env/lib/python3.9/site-packages/django/template/loader_tags.py", line 157, in render
    return compiled_parent._render(context)
  File "/Users/wangmingye/Projects/env/lib/python3.9/site-packages/django/template/base.py", line 167, in _render
    return self.nodelist.render(context)
  File "/Users/wangmingye/Projects/env/lib/python3.9/site-packages/django/template/base.py", line 1000, in render
    return SafeString("".join([node.render_annotated(context) for node in self]))
  File "/Users/wangmingye/Projects/env/lib/python3.9/site-packages/django/template/base.py", line 1000, in <listcomp>
    return SafeString("".join([node.render_annotated(context) for node in self]))
  File "/Users/wangmingye/Projects/env/lib/python3.9/site-packages/django/template/base.py", line 958, in render_annotated
    return self.render(context)
  File "/Users/wangmingye/Projects/env/lib/python3.9/site-packages/django/template/loader_tags.py", line 63, in render
    result = block.nodelist.render(context)
  File "/Users/wangmingye/Projects/env/lib/python3.9/site-packages/django/template/base.py", line 1000, in render
    return SafeString("".join([node.render_annotated(context) for node in self]))
  File "/Users/wangmingye/Projects/env/lib/python3.9/site-packages/django/template/base.py", line 1000, in <listcomp>
    return SafeString("".join([node.render_annotated(context) for node in self]))
  File "/Users/wangmingye/Projects/env/lib/python3.9/site-packages/django/template/base.py", line 958, in render_annotated
    return self.render(context)
  File "/Users/wangmingye/Projects/env/lib/python3.9/site-packages/django/template/loader_tags.py", line 63, in render
    result = block.nodelist.render(context)
  File "/Users/wangmingye/Projects/env/lib/python3.9/site-packages/django/template/base.py", line 1000, in render
    return SafeString("".join([node.render_annotated(context) for node in self]))
  File "/Users/wangmingye/Projects/env/lib/python3.9/site-packages/django/template/base.py", line 1000, in <listcomp>
    return SafeString("".join([node.render_annotated(context) for node in self]))
  File "/Users/wangmingye/Projects/env/lib/python3.9/site-packages/django/template/base.py", line 958, in render_annotated
    return self.render(context)
  File "/Users/wangmingye/Projects/env/lib/python3.9/site-packages/django/template/defaulttags.py", line 238, in render
    nodelist.append(node.render_annotated(context))
  File "/Users/wangmingye/Projects/env/lib/python3.9/site-packages/django/template/base.py", line 958, in render_annotated
    return self.render(context)
  File "/Users/wangmingye/Projects/env/lib/python3.9/site-packages/django/template/loader_tags.py", line 208, in render
    return template.render(context)
  File "/Users/wangmingye/Projects/env/lib/python3.9/site-packages/django/template/base.py", line 177, in render
    return self._render(context)
  File "/Users/wangmingye/Projects/env/lib/python3.9/site-packages/django/template/base.py", line 167, in _render
    return self.nodelist.render(context)
  File "/Users/wangmingye/Projects/env/lib/python3.9/site-packages/django/template/base.py", line 1000, in render
    return SafeString("".join([node.render_annotated(context) for node in self]))
  File "/Users/wangmingye/Projects/env/lib/python3.9/site-packages/django/template/base.py", line 1000, in <listcomp>
    return SafeString("".join([node.render_annotated(context) for node in self]))
  File "/Users/wangmingye/Projects/env/lib/python3.9/site-packages/django/template/base.py", line 958, in render_annotated
    return self.render(context)
  File "/Users/wangmingye/Projects/env/lib/python3.9/site-packages/django/template/defaulttags.py", line 238, in render
    nodelist.append(node.render_annotated(context))
  File "/Users/wangmingye/Projects/env/lib/python3.9/site-packages/django/template/base.py", line 958, in render_annotated
    return self.render(context)
  File "/Users/wangmingye/Projects/env/lib/python3.9/site-packages/django/template/defaulttags.py", line 238, in render
    nodelist.append(node.render_annotated(context))
  File "/Users/wangmingye/Projects/env/lib/python3.9/site-packages/django/template/base.py", line 958, in render_annotated
    return self.render(context)
  File "/Users/wangmingye/Projects/env/lib/python3.9/site-packages/django/template/defaulttags.py", line 238, in render
    nodelist.append(node.render_annotated(context))
  File "/Users/wangmingye/Projects/env/lib/python3.9/site-packages/django/template/base.py", line 958, in render_annotated
    return self.render(context)
  File "/Users/wangmingye/Projects/env/lib/python3.9/site-packages/django/template/defaulttags.py", line 238, in render
    nodelist.append(node.render_annotated(context))
  File "/Users/wangmingye/Projects/env/lib/python3.9/site-packages/django/template/base.py", line 958, in render_annotated
    return self.render(context)
  File "/Users/wangmingye/Projects/env/lib/python3.9/site-packages/django/template/defaulttags.py", line 322, in render
    return nodelist.render(context)
  File "/Users/wangmingye/Projects/env/lib/python3.9/site-packages/django/template/base.py", line 1000, in render
    return SafeString("".join([node.render_annotated(context) for node in self]))
  File "/Users/wangmingye/Projects/env/lib/python3.9/site-packages/django/template/base.py", line 1000, in <listcomp>
    return SafeString("".join([node.render_annotated(context) for node in self]))
  File "/Users/wangmingye/Projects/env/lib/python3.9/site-packages/django/template/base.py", line 958, in render_annotated
    return self.render(context)
  File "/Users/wangmingye/Projects/env/lib/python3.9/site-packages/django/template/base.py", line 1059, in render
    output = self.filter_expression.resolve(context)
  File "/Users/wangmingye/Projects/env/lib/python3.9/site-packages/django/template/base.py", line 712, in resolve
    obj = self.var.resolve(context)
  File "/Users/wangmingye/Projects/env/lib/python3.9/site-packages/django/template/base.py", line 842, in resolve
    value = self._resolve_lookup(context)
  File "/Users/wangmingye/Projects/env/lib/python3.9/site-packages/django/template/base.py", line 909, in _resolve_lookup
    current = current()
  File "/Users/wangmingye/Projects/env/lib/python3.9/site-packages/django/contrib/admin/helpers.py", line 265, in contents
    f, attr, value = lookup_field(field, obj, model_admin)
  File "/Users/wangmingye/Projects/env/lib/python3.9/site-packages/django/contrib/admin/utils.py", line 280, in lookup_field
    value = attr(obj)
  File "/Users/wangmingye/Projects/flashlights/ecomstore/catalog/admin.py", line 128, in image_dimensions
    width, height = obj.a_image.width, obj.a_image.height
  File "/Users/wangmingye/Projects/env/lib/python3.9/site-packages/django/core/files/images.py", line 20, in width
    return self._get_image_dimensions()[0]
  File "/Users/wangmingye/Projects/env/lib/python3.9/site-packages/django/core/files/images.py", line 29, in _get_image_dimensions
    self.open()
  File "/Users/wangmingye/Projects/env/lib/python3.9/site-packages/django/db/models/fields/files.py", line 78, in open
    self.file = self.storage.open(self.name, mode)
  File "/Users/wangmingye/Projects/env/lib/python3.9/site-packages/django/core/files/storage.py", line 41, in open
    return self._open(name, mode)
  File "/Users/wangmingye/Projects/env/lib/python3.9/site-packages/django/core/files/storage.py", line 277, in _open
    return File(open(self.path(name), mode))
FileNotFoundError: [Errno 2] No such file or directory: '/Users/wangmingye/Projects/flashlights/ecomstore/static/images/products/main/K75-2_01.webp'
- Broken pipe from ('127.0.0.1', 51943)

"GET /admin/catalog/product/3291/change/ HTTP/1.1" 500 785124
"GET /admin/catalog/product/ HTTP/1.1" 200 335123
Internal Server Error: /admin/catalog/product/3356/change/
Traceback (most recent call last):
  File "/Users/wangmingye/Projects/env/lib/python3.9/site-packages/django/db/models/options.py", line 672, in get_field
    return self.fields_map[field_name]
KeyError: 'image_dimensions'

During handling of the above exception, another exception occurred:

Traceback (most recent call last):
  File "/Users/wangmingye/Projects/env/lib/python3.9/site-packages/django/contrib/admin/utils.py", line 271, in lookup_field
    f = _get_non_gfk_field(opts, name)
  File "/Users/wangmingye/Projects/env/lib/python3.9/site-packages/django/contrib/admin/utils.py", line 302, in _get_non_gfk_field
    field = opts.get_field(name)
  File "/Users/wangmingye/Projects/env/lib/python3.9/site-packages/django/db/models/options.py", line 674, in get_field
    raise FieldDoesNotExist(
django.core.exceptions.FieldDoesNotExist: AdditionalImages has no field named 'image_dimensions'

During handling of the above exception, another exception occurred:

Traceback (most recent call last):
  File "/Users/wangmingye/Projects/env/lib/python3.9/site-packages/django/core/handlers/exception.py", line 55, in inner
    response = get_response(request)
  File "/Users/wangmingye/Projects/env/lib/python3.9/site-packages/django/core/handlers/base.py", line 220, in _get_response
    response = response.render()
  File "/Users/wangmingye/Projects/env/lib/python3.9/site-packages/django/template/response.py", line 114, in render
    self.content = self.rendered_content
  File "/Users/wangmingye/Projects/env/lib/python3.9/site-packages/django/template/response.py", line 92, in rendered_content
    return template.render(context, self._request)
  File "/Users/wangmingye/Projects/env/lib/python3.9/site-packages/django/template/backends/django.py", line 62, in render
    return self.template.render(context)
  File "/Users/wangmingye/Projects/env/lib/python3.9/site-packages/django/template/base.py", line 175, in render
    return self._render(context)
  File "/Users/wangmingye/Projects/env/lib/python3.9/site-packages/django/template/base.py", line 167, in _render
    return self.nodelist.render(context)
  File "/Users/wangmingye/Projects/env/lib/python3.9/site-packages/django/template/base.py", line 1000, in render
    return SafeString("".join([node.render_annotated(context) for node in self]))
  File "/Users/wangmingye/Projects/env/lib/python3.9/site-packages/django/template/base.py", line 1000, in <listcomp>
    return SafeString("".join([node.render_annotated(context) for node in self]))
  File "/Users/wangmingye/Projects/env/lib/python3.9/site-packages/django/template/base.py", line 958, in render_annotated
    return self.render(context)
  File "/Users/wangmingye/Projects/env/lib/python3.9/site-packages/django/template/loader_tags.py", line 157, in render
    return compiled_parent._render(context)
  File "/Users/wangmingye/Projects/env/lib/python3.9/site-packages/django/template/base.py", line 167, in _render
    return self.nodelist.render(context)
  File "/Users/wangmingye/Projects/env/lib/python3.9/site-packages/django/template/base.py", line 1000, in render
    return SafeString("".join([node.render_annotated(context) for node in self]))
  File "/Users/wangmingye/Projects/env/lib/python3.9/site-packages/django/template/base.py", line 1000, in <listcomp>
    return SafeString("".join([node.render_annotated(context) for node in self]))
  File "/Users/wangmingye/Projects/env/lib/python3.9/site-packages/django/template/base.py", line 958, in render_annotated
    return self.render(context)
  File "/Users/wangmingye/Projects/env/lib/python3.9/site-packages/django/template/loader_tags.py", line 157, in render
    return compiled_parent._render(context)
  File "/Users/wangmingye/Projects/env/lib/python3.9/site-packages/django/template/base.py", line 167, in _render
    return self.nodelist.render(context)
  File "/Users/wangmingye/Projects/env/lib/python3.9/site-packages/django/template/base.py", line 1000, in render
    return SafeString("".join([node.render_annotated(context) for node in self]))
  File "/Users/wangmingye/Projects/env/lib/python3.9/site-packages/django/template/base.py", line 1000, in <listcomp>
    return SafeString("".join([node.render_annotated(context) for node in self]))
  File "/Users/wangmingye/Projects/env/lib/python3.9/site-packages/django/template/base.py", line 958, in render_annotated
    return self.render(context)
  File "/Users/wangmingye/Projects/env/lib/python3.9/site-packages/django/template/loader_tags.py", line 157, in render
    return compiled_parent._render(context)
  File "/Users/wangmingye/Projects/env/lib/python3.9/site-packages/django/template/base.py", line 167, in _render
    return self.nodelist.render(context)
  File "/Users/wangmingye/Projects/env/lib/python3.9/site-packages/django/template/base.py", line 1000, in render
    return SafeString("".join([node.render_annotated(context) for node in self]))
  File "/Users/wangmingye/Projects/env/lib/python3.9/site-packages/django/template/base.py", line 1000, in <listcomp>
    return SafeString("".join([node.render_annotated(context) for node in self]))
  File "/Users/wangmingye/Projects/env/lib/python3.9/site-packages/django/template/base.py", line 958, in render_annotated
    return self.render(context)
  File "/Users/wangmingye/Projects/env/lib/python3.9/site-packages/django/template/loader_tags.py", line 63, in render
    result = block.nodelist.render(context)
  File "/Users/wangmingye/Projects/env/lib/python3.9/site-packages/django/template/base.py", line 1000, in render
    return SafeString("".join([node.render_annotated(context) for node in self]))
  File "/Users/wangmingye/Projects/env/lib/python3.9/site-packages/django/template/base.py", line 1000, in <listcomp>
    return SafeString("".join([node.render_annotated(context) for node in self]))
  File "/Users/wangmingye/Projects/env/lib/python3.9/site-packages/django/template/base.py", line 958, in render_annotated
    return self.render(context)
  File "/Users/wangmingye/Projects/env/lib/python3.9/site-packages/django/template/loader_tags.py", line 63, in render
    result = block.nodelist.render(context)
  File "/Users/wangmingye/Projects/env/lib/python3.9/site-packages/django/template/base.py", line 1000, in render
    return SafeString("".join([node.render_annotated(context) for node in self]))
  File "/Users/wangmingye/Projects/env/lib/python3.9/site-packages/django/template/base.py", line 1000, in <listcomp>
    return SafeString("".join([node.render_annotated(context) for node in self]))
  File "/Users/wangmingye/Projects/env/lib/python3.9/site-packages/django/template/base.py", line 958, in render_annotated
    return self.render(context)
  File "/Users/wangmingye/Projects/env/lib/python3.9/site-packages/django/template/defaulttags.py", line 238, in render
    nodelist.append(node.render_annotated(context))
  File "/Users/wangmingye/Projects/env/lib/python3.9/site-packages/django/template/base.py", line 958, in render_annotated
    return self.render(context)
  File "/Users/wangmingye/Projects/env/lib/python3.9/site-packages/django/template/loader_tags.py", line 208, in render
    return template.render(context)
  File "/Users/wangmingye/Projects/env/lib/python3.9/site-packages/django/template/base.py", line 177, in render
    return self._render(context)
  File "/Users/wangmingye/Projects/env/lib/python3.9/site-packages/django/template/base.py", line 167, in _render
    return self.nodelist.render(context)
  File "/Users/wangmingye/Projects/env/lib/python3.9/site-packages/django/template/base.py", line 1000, in render
    return SafeString("".join([node.render_annotated(context) for node in self]))
  File "/Users/wangmingye/Projects/env/lib/python3.9/site-packages/django/template/base.py", line 1000, in <listcomp>
    return SafeString("".join([node.render_annotated(context) for node in self]))
  File "/Users/wangmingye/Projects/env/lib/python3.9/site-packages/django/template/base.py", line 958, in render_annotated
    return self.render(context)
  File "/Users/wangmingye/Projects/env/lib/python3.9/site-packages/django/template/defaulttags.py", line 238, in render
    nodelist.append(node.render_annotated(context))
  File "/Users/wangmingye/Projects/env/lib/python3.9/site-packages/django/template/base.py", line 958, in render_annotated
    return self.render(context)
  File "/Users/wangmingye/Projects/env/lib/python3.9/site-packages/django/template/defaulttags.py", line 238, in render
    nodelist.append(node.render_annotated(context))
  File "/Users/wangmingye/Projects/env/lib/python3.9/site-packages/django/template/base.py", line 958, in render_annotated
    return self.render(context)
  File "/Users/wangmingye/Projects/env/lib/python3.9/site-packages/django/template/defaulttags.py", line 238, in render
    nodelist.append(node.render_annotated(context))
  File "/Users/wangmingye/Projects/env/lib/python3.9/site-packages/django/template/base.py", line 958, in render_annotated
    return self.render(context)
  File "/Users/wangmingye/Projects/env/lib/python3.9/site-packages/django/template/defaulttags.py", line 238, in render
    nodelist.append(node.render_annotated(context))
  File "/Users/wangmingye/Projects/env/lib/python3.9/site-packages/django/template/base.py", line 958, in render_annotated
    return self.render(context)
  File "/Users/wangmingye/Projects/env/lib/python3.9/site-packages/django/template/defaulttags.py", line 322, in render
    return nodelist.render(context)
  File "/Users/wangmingye/Projects/env/lib/python3.9/site-packages/django/template/base.py", line 1000, in render
    return SafeString("".join([node.render_annotated(context) for node in self]))
  File "/Users/wangmingye/Projects/env/lib/python3.9/site-packages/django/template/base.py", line 1000, in <listcomp>
    return SafeString("".join([node.render_annotated(context) for node in self]))
  File "/Users/wangmingye/Projects/env/lib/python3.9/site-packages/django/template/base.py", line 958, in render_annotated
    return self.render(context)
  File "/Users/wangmingye/Projects/env/lib/python3.9/site-packages/django/template/base.py", line 1059, in render
    output = self.filter_expression.resolve(context)
  File "/Users/wangmingye/Projects/env/lib/python3.9/site-packages/django/template/base.py", line 712, in resolve
    obj = self.var.resolve(context)
  File "/Users/wangmingye/Projects/env/lib/python3.9/site-packages/django/template/base.py", line 842, in resolve
    value = self._resolve_lookup(context)
  File "/Users/wangmingye/Projects/env/lib/python3.9/site-packages/django/template/base.py", line 909, in _resolve_lookup
    current = current()
  File "/Users/wangmingye/Projects/env/lib/python3.9/site-packages/django/contrib/admin/helpers.py", line 265, in contents
    f, attr, value = lookup_field(field, obj, model_admin)
  File "/Users/wangmingye/Projects/env/lib/python3.9/site-packages/django/contrib/admin/utils.py", line 280, in lookup_field
    value = attr(obj)
  File "/Users/wangmingye/Projects/flashlights/ecomstore/catalog/admin.py", line 128, in image_dimensions
    width, height = obj.a_image.width, obj.a_image.height
  File "/Users/wangmingye/Projects/env/lib/python3.9/site-packages/django/core/files/images.py", line 20, in width
    return self._get_image_dimensions()[0]
  File "/Users/wangmingye/Projects/env/lib/python3.9/site-packages/django/core/files/images.py", line 29, in _get_image_dimensions
    self.open()
  File "/Users/wangmingye/Projects/env/lib/python3.9/site-packages/django/db/models/fields/files.py", line 78, in open
    self.file = self.storage.open(self.name, mode)
  File "/Users/wangmingye/Projects/env/lib/python3.9/site-packages/django/core/files/storage.py", line 41, in open
    return self._open(name, mode)
  File "/Users/wangmingye/Projects/env/lib/python3.9/site-packages/django/core/files/storage.py", line 277, in _open
    return File(open(self.path(name), mode))
FileNotFoundError: [Errno 2] No such file or directory: '/Users/wangmingye/Projects/flashlights/ecomstore/static/images/products/main/NU25-BLK_PNG.png'
"GET /admin/catalog/product/3356/change/ HTTP/1.1" 500 786332
"GET /admin/catalog/product/ HTTP/1.1" 200 335123
Internal Server Error: /admin/catalog/product/3345/change/
Traceback (most recent call last):
  File "/Users/wangmingye/Projects/env/lib/python3.9/site-packages/django/db/models/options.py", line 672, in get_field
    return self.fields_map[field_name]
KeyError: 'image_dimensions'

During handling of the above exception, another exception occurred:

Traceback (most recent call last):
  File "/Users/wangmingye/Projects/env/lib/python3.9/site-packages/django/contrib/admin/utils.py", line 271, in lookup_field
    f = _get_non_gfk_field(opts, name)
  File "/Users/wangmingye/Projects/env/lib/python3.9/site-packages/django/contrib/admin/utils.py", line 302, in _get_non_gfk_field
    field = opts.get_field(name)
  File "/Users/wangmingye/Projects/env/lib/python3.9/site-packages/django/db/models/options.py", line 674, in get_field
    raise FieldDoesNotExist(
django.core.exceptions.FieldDoesNotExist: AdditionalImages has no field named 'image_dimensions'

During handling of the above exception, another exception occurred:

Traceback (most recent call last):
  File "/Users/wangmingye/Projects/env/lib/python3.9/site-packages/django/core/handlers/exception.py", line 55, in inner
    response = get_response(request)
  File "/Users/wangmingye/Projects/env/lib/python3.9/site-packages/django/core/handlers/base.py", line 220, in _get_response
    response = response.render()
  File "/Users/wangmingye/Projects/env/lib/python3.9/site-packages/django/template/response.py", line 114, in render
    self.content = self.rendered_content
  File "/Users/wangmingye/Projects/env/lib/python3.9/site-packages/django/template/response.py", line 92, in rendered_content
    return template.render(context, self._request)
  File "/Users/wangmingye/Projects/env/lib/python3.9/site-packages/django/template/backends/django.py", line 62, in render
    return self.template.render(context)
  File "/Users/wangmingye/Projects/env/lib/python3.9/site-packages/django/template/base.py", line 175, in render
    return self._render(context)
  File "/Users/wangmingye/Projects/env/lib/python3.9/site-packages/django/template/base.py", line 167, in _render
    return self.nodelist.render(context)
  File "/Users/wangmingye/Projects/env/lib/python3.9/site-packages/django/template/base.py", line 1000, in render
    return SafeString("".join([node.render_annotated(context) for node in self]))
  File "/Users/wangmingye/Projects/env/lib/python3.9/site-packages/django/template/base.py", line 1000, in <listcomp>
    return SafeString("".join([node.render_annotated(context) for node in self]))
  File "/Users/wangmingye/Projects/env/lib/python3.9/site-packages/django/template/base.py", line 958, in render_annotated
    return self.render(context)
  File "/Users/wangmingye/Projects/env/lib/python3.9/site-packages/django/template/loader_tags.py", line 157, in render
    return compiled_parent._render(context)
  File "/Users/wangmingye/Projects/env/lib/python3.9/site-packages/django/template/base.py", line 167, in _render
    return self.nodelist.render(context)
  File "/Users/wangmingye/Projects/env/lib/python3.9/site-packages/django/template/base.py", line 1000, in render
    return SafeString("".join([node.render_annotated(context) for node in self]))
  File "/Users/wangmingye/Projects/env/lib/python3.9/site-packages/django/template/base.py", line 1000, in <listcomp>
    return SafeString("".join([node.render_annotated(context) for node in self]))
  File "/Users/wangmingye/Projects/env/lib/python3.9/site-packages/django/template/base.py", line 958, in render_annotated
    return self.render(context)
  File "/Users/wangmingye/Projects/env/lib/python3.9/site-packages/django/template/loader_tags.py", line 157, in render
    return compiled_parent._render(context)
  File "/Users/wangmingye/Projects/env/lib/python3.9/site-packages/django/template/base.py", line 167, in _render
    return self.nodelist.render(context)
  File "/Users/wangmingye/Projects/env/lib/python3.9/site-packages/django/template/base.py", line 1000, in render
    return SafeString("".join([node.render_annotated(context) for node in self]))
  File "/Users/wangmingye/Projects/env/lib/python3.9/site-packages/django/template/base.py", line 1000, in <listcomp>
    return SafeString("".join([node.render_annotated(context) for node in self]))
  File "/Users/wangmingye/Projects/env/lib/python3.9/site-packages/django/template/base.py", line 958, in render_annotated
    return self.render(context)
  File "/Users/wangmingye/Projects/env/lib/python3.9/site-packages/django/template/loader_tags.py", line 157, in render
    return compiled_parent._render(context)
  File "/Users/wangmingye/Projects/env/lib/python3.9/site-packages/django/template/base.py", line 167, in _render
    return self.nodelist.render(context)
  File "/Users/wangmingye/Projects/env/lib/python3.9/site-packages/django/template/base.py", line 1000, in render
    return SafeString("".join([node.render_annotated(context) for node in self]))
  File "/Users/wangmingye/Projects/env/lib/python3.9/site-packages/django/template/base.py", line 1000, in <listcomp>
    return SafeString("".join([node.render_annotated(context) for node in self]))
  File "/Users/wangmingye/Projects/env/lib/python3.9/site-packages/django/template/base.py", line 958, in render_annotated
    return self.render(context)
  File "/Users/wangmingye/Projects/env/lib/python3.9/site-packages/django/template/loader_tags.py", line 63, in render
    result = block.nodelist.render(context)
  File "/Users/wangmingye/Projects/env/lib/python3.9/site-packages/django/template/base.py", line 1000, in render
    return SafeString("".join([node.render_annotated(context) for node in self]))
  File "/Users/wangmingye/Projects/env/lib/python3.9/site-packages/django/template/base.py", line 1000, in <listcomp>
    return SafeString("".join([node.render_annotated(context) for node in self]))
  File "/Users/wangmingye/Projects/env/lib/python3.9/site-packages/django/template/base.py", line 958, in render_annotated
    return self.render(context)
  File "/Users/wangmingye/Projects/env/lib/python3.9/site-packages/django/template/loader_tags.py", line 63, in render
    result = block.nodelist.render(context)
  File "/Users/wangmingye/Projects/env/lib/python3.9/site-packages/django/template/base.py", line 1000, in render
    return SafeString("".join([node.render_annotated(context) for node in self]))
  File "/Users/wangmingye/Projects/env/lib/python3.9/site-packages/django/template/base.py", line 1000, in <listcomp>
    return SafeString("".join([node.render_annotated(context) for node in self]))
  File "/Users/wangmingye/Projects/env/lib/python3.9/site-packages/django/template/base.py", line 958, in render_annotated
    return self.render(context)
  File "/Users/wangmingye/Projects/env/lib/python3.9/site-packages/django/template/defaulttags.py", line 238, in render
    nodelist.append(node.render_annotated(context))
  File "/Users/wangmingye/Projects/env/lib/python3.9/site-packages/django/template/base.py", line 958, in render_annotated
    return self.render(context)
  File "/Users/wangmingye/Projects/env/lib/python3.9/site-packages/django/template/loader_tags.py", line 208, in render
    return template.render(context)
  File "/Users/wangmingye/Projects/env/lib/python3.9/site-packages/django/template/base.py", line 177, in render
    return self._render(context)
  File "/Users/wangmingye/Projects/env/lib/python3.9/site-packages/django/template/base.py", line 167, in _render
    return self.nodelist.render(context)
  File "/Users/wangmingye/Projects/env/lib/python3.9/site-packages/django/template/base.py", line 1000, in render
    return SafeString("".join([node.render_annotated(context) for node in self]))
  File "/Users/wangmingye/Projects/env/lib/python3.9/site-packages/django/template/base.py", line 1000, in <listcomp>
    return SafeString("".join([node.render_annotated(context) for node in self]))
  File "/Users/wangmingye/Projects/env/lib/python3.9/site-packages/django/template/base.py", line 958, in render_annotated
    return self.render(context)
  File "/Users/wangmingye/Projects/env/lib/python3.9/site-packages/django/template/defaulttags.py", line 238, in render
    nodelist.append(node.render_annotated(context))
  File "/Users/wangmingye/Projects/env/lib/python3.9/site-packages/django/template/base.py", line 958, in render_annotated
    return self.render(context)
  File "/Users/wangmingye/Projects/env/lib/python3.9/site-packages/django/template/defaulttags.py", line 238, in render
    nodelist.append(node.render_annotated(context))
  File "/Users/wangmingye/Projects/env/lib/python3.9/site-packages/django/template/base.py", line 958, in render_annotated
    return self.render(context)
  File "/Users/wangmingye/Projects/env/lib/python3.9/site-packages/django/template/defaulttags.py", line 238, in render
    nodelist.append(node.render_annotated(context))
  File "/Users/wangmingye/Projects/env/lib/python3.9/site-packages/django/template/base.py", line 958, in render_annotated
    return self.render(context)
  File "/Users/wangmingye/Projects/env/lib/python3.9/site-packages/django/template/defaulttags.py", line 238, in render
    nodelist.append(node.render_annotated(context))
  File "/Users/wangmingye/Projects/env/lib/python3.9/site-packages/django/template/base.py", line 958, in render_annotated
    return self.render(context)
  File "/Users/wangmingye/Projects/env/lib/python3.9/site-packages/django/template/defaulttags.py", line 322, in render
    return nodelist.render(context)
  File "/Users/wangmingye/Projects/env/lib/python3.9/site-packages/django/template/base.py", line 1000, in render
    return SafeString("".join([node.render_annotated(context) for node in self]))
  File "/Users/wangmingye/Projects/env/lib/python3.9/site-packages/django/template/base.py", line 1000, in <listcomp>
    return SafeString("".join([node.render_annotated(context) for node in self]))
  File "/Users/wangmingye/Projects/env/lib/python3.9/site-packages/django/template/base.py", line 958, in render_annotated
    return self.render(context)
  File "/Users/wangmingye/Projects/env/lib/python3.9/site-packages/django/template/base.py", line 1059, in render
    output = self.filter_expression.resolve(context)
  File "/Users/wangmingye/Projects/env/lib/python3.9/site-packages/django/template/base.py", line 712, in resolve
    obj = self.var.resolve(context)
  File "/Users/wangmingye/Projects/env/lib/python3.9/site-packages/django/template/base.py", line 842, in resolve
    value = self._resolve_lookup(context)
  File "/Users/wangmingye/Projects/env/lib/python3.9/site-packages/django/template/base.py", line 909, in _resolve_lookup
    current = current()
  File "/Users/wangmingye/Projects/env/lib/python3.9/site-packages/django/contrib/admin/helpers.py", line 265, in contents
    f, attr, value = lookup_field(field, obj, model_admin)
  File "/Users/wangmingye/Projects/env/lib/python3.9/site-packages/django/contrib/admin/utils.py", line 280, in lookup_field
    value = attr(obj)
  File "/Users/wangmingye/Projects/flashlights/ecomstore/catalog/admin.py", line 128, in image_dimensions
    width, height = obj.a_image.width, obj.a_image.height
  File "/Users/wangmingye/Projects/env/lib/python3.9/site-packages/django/core/files/images.py", line 20, in width
    return self._get_image_dimensions()[0]
  File "/Users/wangmingye/Projects/env/lib/python3.9/site-packages/django/core/files/images.py", line 29, in _get_image_dimensions
    self.open()
  File "/Users/wangmingye/Projects/env/lib/python3.9/site-packages/django/db/models/fields/files.py", line 78, in open
    self.file = self.storage.open(self.name, mode)
  File "/Users/wangmingye/Projects/env/lib/python3.9/site-packages/django/core/files/storage.py", line 41, in open
    return self._open(name, mode)
  File "/Users/wangmingye/Projects/env/lib/python3.9/site-packages/django/core/files/storage.py", line 277, in _open
    return File(open(self.path(name), mode))
FileNotFoundError: [Errno 2] No such file or directory: '/Users/wangmingye/Projects/flashlights/ecomstore/static/images/products/main/NU25-Y.webp'
"GET /admin/catalog/product/3345/change/ HTTP/1.1" 500 785085
"GET /admin/catalog/product/ HTTP/1.1" 200 335123
Internal Server Error: /admin/catalog/product/3342/change/
Traceback (most recent call last):
  File "/Users/wangmingye/Projects/env/lib/python3.9/site-packages/django/db/models/options.py", line 672, in get_field
    return self.fields_map[field_name]
KeyError: 'image_dimensions'

During handling of the above exception, another exception occurred:

Traceback (most recent call last):
  File "/Users/wangmingye/Projects/env/lib/python3.9/site-packages/django/contrib/admin/utils.py", line 271, in lookup_field
    f = _get_non_gfk_field(opts, name)
  File "/Users/wangmingye/Projects/env/lib/python3.9/site-packages/django/contrib/admin/utils.py", line 302, in _get_non_gfk_field
    field = opts.get_field(name)
  File "/Users/wangmingye/Projects/env/lib/python3.9/site-packages/django/db/models/options.py", line 674, in get_field
    raise FieldDoesNotExist(
django.core.exceptions.FieldDoesNotExist: AdditionalImages has no field named 'image_dimensions'

During handling of the above exception, another exception occurred:

Traceback (most recent call last):
  File "/Users/wangmingye/Projects/env/lib/python3.9/site-packages/django/core/handlers/exception.py", line 55, in inner
    response = get_response(request)
  File "/Users/wangmingye/Projects/env/lib/python3.9/site-packages/django/core/handlers/base.py", line 220, in _get_response
    response = response.render()
  File "/Users/wangmingye/Projects/env/lib/python3.9/site-packages/django/template/response.py", line 114, in render
    self.content = self.rendered_content
  File "/Users/wangmingye/Projects/env/lib/python3.9/site-packages/django/template/response.py", line 92, in rendered_content
    return template.render(context, self._request)
  File "/Users/wangmingye/Projects/env/lib/python3.9/site-packages/django/template/backends/django.py", line 62, in render
    return self.template.render(context)
  File "/Users/wangmingye/Projects/env/lib/python3.9/site-packages/django/template/base.py", line 175, in render
    return self._render(context)
  File "/Users/wangmingye/Projects/env/lib/python3.9/site-packages/django/template/base.py", line 167, in _render
    return self.nodelist.render(context)
  File "/Users/wangmingye/Projects/env/lib/python3.9/site-packages/django/template/base.py", line 1000, in render
    return SafeString("".join([node.render_annotated(context) for node in self]))
  File "/Users/wangmingye/Projects/env/lib/python3.9/site-packages/django/template/base.py", line 1000, in <listcomp>
    return SafeString("".join([node.render_annotated(context) for node in self]))
  File "/Users/wangmingye/Projects/env/lib/python3.9/site-packages/django/template/base.py", line 958, in render_annotated
    return self.render(context)
  File "/Users/wangmingye/Projects/env/lib/python3.9/site-packages/django/template/loader_tags.py", line 157, in render
    return compiled_parent._render(context)
  File "/Users/wangmingye/Projects/env/lib/python3.9/site-packages/django/template/base.py", line 167, in _render
    return self.nodelist.render(context)
  File "/Users/wangmingye/Projects/env/lib/python3.9/site-packages/django/template/base.py", line 1000, in render
    return SafeString("".join([node.render_annotated(context) for node in self]))
  File "/Users/wangmingye/Projects/env/lib/python3.9/site-packages/django/template/base.py", line 1000, in <listcomp>
    return SafeString("".join([node.render_annotated(context) for node in self]))
  File "/Users/wangmingye/Projects/env/lib/python3.9/site-packages/django/template/base.py", line 958, in render_annotated
    return self.render(context)
  File "/Users/wangmingye/Projects/env/lib/python3.9/site-packages/django/template/loader_tags.py", line 157, in render
    return compiled_parent._render(context)
  File "/Users/wangmingye/Projects/env/lib/python3.9/site-packages/django/template/base.py", line 167, in _render
    return self.nodelist.render(context)
  File "/Users/wangmingye/Projects/env/lib/python3.9/site-packages/django/template/base.py", line 1000, in render
    return SafeString("".join([node.render_annotated(context) for node in self]))
  File "/Users/wangmingye/Projects/env/lib/python3.9/site-packages/django/template/base.py", line 1000, in <listcomp>
    return SafeString("".join([node.render_annotated(context) for node in self]))
  File "/Users/wangmingye/Projects/env/lib/python3.9/site-packages/django/template/base.py", line 958, in render_annotated
    return self.render(context)
  File "/Users/wangmingye/Projects/env/lib/python3.9/site-packages/django/template/loader_tags.py", line 157, in render
    return compiled_parent._render(context)
  File "/Users/wangmingye/Projects/env/lib/python3.9/site-packages/django/template/base.py", line 167, in _render
    return self.nodelist.render(context)
  File "/Users/wangmingye/Projects/env/lib/python3.9/site-packages/django/template/base.py", line 1000, in render
    return SafeString("".join([node.render_annotated(context) for node in self]))
  File "/Users/wangmingye/Projects/env/lib/python3.9/site-packages/django/template/base.py", line 1000, in <listcomp>
    return SafeString("".join([node.render_annotated(context) for node in self]))
  File "/Users/wangmingye/Projects/env/lib/python3.9/site-packages/django/template/base.py", line 958, in render_annotated
    return self.render(context)
  File "/Users/wangmingye/Projects/env/lib/python3.9/site-packages/django/template/loader_tags.py", line 63, in render
    result = block.nodelist.render(context)
  File "/Users/wangmingye/Projects/env/lib/python3.9/site-packages/django/template/base.py", line 1000, in render
    return SafeString("".join([node.render_annotated(context) for node in self]))
  File "/Users/wangmingye/Projects/env/lib/python3.9/site-packages/django/template/base.py", line 1000, in <listcomp>
    return SafeString("".join([node.render_annotated(context) for node in self]))
  File "/Users/wangmingye/Projects/env/lib/python3.9/site-packages/django/template/base.py", line 958, in render_annotated
    return self.render(context)
  File "/Users/wangmingye/Projects/env/lib/python3.9/site-packages/django/template/loader_tags.py", line 63, in render
    result = block.nodelist.render(context)
  File "/Users/wangmingye/Projects/env/lib/python3.9/site-packages/django/template/base.py", line 1000, in render
    return SafeString("".join([node.render_annotated(context) for node in self]))
  File "/Users/wangmingye/Projects/env/lib/python3.9/site-packages/django/template/base.py", line 1000, in <listcomp>
    return SafeString("".join([node.render_annotated(context) for node in self]))
  File "/Users/wangmingye/Projects/env/lib/python3.9/site-packages/django/template/base.py", line 958, in render_annotated
    return self.render(context)
  File "/Users/wangmingye/Projects/env/lib/python3.9/site-packages/django/template/defaulttags.py", line 238, in render
    nodelist.append(node.render_annotated(context))
  File "/Users/wangmingye/Projects/env/lib/python3.9/site-packages/django/template/base.py", line 958, in render_annotated
    return self.render(context)
  File "/Users/wangmingye/Projects/env/lib/python3.9/site-packages/django/template/loader_tags.py", line 208, in render
    return template.render(context)
  File "/Users/wangmingye/Projects/env/lib/python3.9/site-packages/django/template/base.py", line 177, in render
    return self._render(context)
  File "/Users/wangmingye/Projects/env/lib/python3.9/site-packages/django/template/base.py", line 167, in _render
    return self.nodelist.render(context)
  File "/Users/wangmingye/Projects/env/lib/python3.9/site-packages/django/template/base.py", line 1000, in render
    return SafeString("".join([node.render_annotated(context) for node in self]))
  File "/Users/wangmingye/Projects/env/lib/python3.9/site-packages/django/template/base.py", line 1000, in <listcomp>
    return SafeString("".join([node.render_annotated(context) for node in self]))
  File "/Users/wangmingye/Projects/env/lib/python3.9/site-packages/django/template/base.py", line 958, in render_annotated
    return self.render(context)
  File "/Users/wangmingye/Projects/env/lib/python3.9/site-packages/django/template/defaulttags.py", line 238, in render
    nodelist.append(node.render_annotated(context))
  File "/Users/wangmingye/Projects/env/lib/python3.9/site-packages/django/template/base.py", line 958, in render_annotated
    return self.render(context)
  File "/Users/wangmingye/Projects/env/lib/python3.9/site-packages/django/template/defaulttags.py", line 238, in render
    nodelist.append(node.render_annotated(context))
  File "/Users/wangmingye/Projects/env/lib/python3.9/site-packages/django/template/base.py", line 958, in render_annotated
    return self.render(context)
  File "/Users/wangmingye/Projects/env/lib/python3.9/site-packages/django/template/defaulttags.py", line 238, in render
    nodelist.append(node.render_annotated(context))
  File "/Users/wangmingye/Projects/env/lib/python3.9/site-packages/django/template/base.py", line 958, in render_annotated
    return self.render(context)
  File "/Users/wangmingye/Projects/env/lib/python3.9/site-packages/django/template/defaulttags.py", line 238, in render
    nodelist.append(node.render_annotated(context))
  File "/Users/wangmingye/Projects/env/lib/python3.9/site-packages/django/template/base.py", line 958, in render_annotated
    return self.render(context)
  File "/Users/wangmingye/Projects/env/lib/python3.9/site-packages/django/template/defaulttags.py", line 322, in render
    return nodelist.render(context)
  File "/Users/wangmingye/Projects/env/lib/python3.9/site-packages/django/template/base.py", line 1000, in render
    return SafeString("".join([node.render_annotated(context) for node in self]))
  File "/Users/wangmingye/Projects/env/lib/python3.9/site-packages/django/template/base.py", line 1000, in <listcomp>
    return SafeString("".join([node.render_annotated(context) for node in self]))
  File "/Users/wangmingye/Projects/env/lib/python3.9/site-packages/django/template/base.py", line 958, in render_annotated
    return self.render(context)
  File "/Users/wangmingye/Projects/env/lib/python3.9/site-packages/django/template/base.py", line 1059, in render
    output = self.filter_expression.resolve(context)
  File "/Users/wangmingye/Projects/env/lib/python3.9/site-packages/django/template/base.py", line 712, in resolve
    obj = self.var.resolve(context)
  File "/Users/wangmingye/Projects/env/lib/python3.9/site-packages/django/template/base.py", line 842, in resolve
    value = self._resolve_lookup(context)
  File "/Users/wangmingye/Projects/env/lib/python3.9/site-packages/django/template/base.py", line 909, in _resolve_lookup
    current = current()
  File "/Users/wangmingye/Projects/env/lib/python3.9/site-packages/django/contrib/admin/helpers.py", line 265, in contents
    f, attr, value = lookup_field(field, obj, model_admin)
  File "/Users/wangmingye/Projects/env/lib/python3.9/site-packages/django/contrib/admin/utils.py", line 280, in lookup_field
    value = attr(obj)
  File "/Users/wangmingye/Projects/flashlights/ecomstore/catalog/admin.py", line 128, in image_dimensions
    width, height = obj.a_image.width, obj.a_image.height
  File "/Users/wangmingye/Projects/env/lib/python3.9/site-packages/django/core/files/images.py", line 20, in width
    return self._get_image_dimensions()[0]
  File "/Users/wangmingye/Projects/env/lib/python3.9/site-packages/django/core/files/images.py", line 29, in _get_image_dimensions
    self.open()
  File "/Users/wangmingye/Projects/env/lib/python3.9/site-packages/django/db/models/fields/files.py", line 78, in open
    self.file = self.storage.open(self.name, mode)
  File "/Users/wangmingye/Projects/env/lib/python3.9/site-packages/django/core/files/storage.py", line 41, in open
    return self._open(name, mode)
  File "/Users/wangmingye/Projects/env/lib/python3.9/site-packages/django/core/files/storage.py", line 277, in _open
    return File(open(self.path(name), mode))
FileNotFoundError: [Errno 2] No such file or directory: '/Users/wangmingye/Projects/flashlights/ecomstore/static/images/products/main/20240514122900_73786.jpg'
"GET /admin/catalog/product/3342/change/ HTTP/1.1" 500 786369
"GET /admin/catalog/product/ HTTP/1.1" 200 335123
"GET /admin/catalog/product/add/ HTTP/1.1" 200 93131
"GET /admin_files/ckeditor/ckeditor-init.js HTTP/1.1" 200 1498
"GET /admin_files/admin/js/inlines.js HTTP/1.1" 200 15225
"GET /admin_files/admin/js/SelectBox.js HTTP/1.1" 200 4360
"GET /admin_files/admin/js/prepopulate_init.js HTTP/1.1" 200 492
"GET /admin_files/admin/js/SelectFilter2.js HTTP/1.1" 200 12350
"GET /admin/jsi18n/ HTTP/1.1" 200 3343
"GET /admin_files/admin/js/change_form.js HTTP/1.1" 200 606
"GET /admin_files/ckeditor/ckeditor/ckeditor.js HTTP/1.1" 200 746737
"GET /admin_files/ckeditor/ckeditor/config.js?t=L4KA HTTP/1.1" 200 338
"GET /admin_files/ckeditor/ckeditor/skins/moono-lisa/editor.css?t=L4KA HTTP/1.1" 200 48483
"GET /admin_files/ckeditor/ckeditor/lang/en.js?t=L4KA HTTP/1.1" 200 18349
"GET /admin_files/ckeditor/ckeditor/styles.js?t=L4KA HTTP/1.1" 200 5579
"GET /admin_files/admin/img/selector-icons.svg HTTP/1.1" 200 3291
"GET /admin_files/admin/img/icon-unknown.svg HTTP/1.1" 200 655
"GET /admin_files/admin/img/icon-unknown-alt.svg HTTP/1.1" 200 655
"GET /admin_files/ckeditor/ckeditor/plugins/scayt/skins/moono-lisa/scayt.css?t=L4KA HTTP/1.1" 200 381
"GET /admin_files/ckeditor/ckeditor/plugins/scayt/dialogs/dialog.css?t=L4KA HTTP/1.1" 200 419
"GET /admin_files/ckeditor/ckeditor/plugins/tableselection/styles/tableselection.css HTTP/1.1" 200 1145
"GET /admin_files/ckeditor/ckeditor/plugins/dialog/styles/dialog.css HTTP/1.1" 200 249
"GET /admin_files/ckeditor/ckeditor/plugins/copyformatting/styles/copyformatting.css HTTP/1.1" 200 1513
"GET /admin_files/ckeditor/ckeditor/plugins/icons.png?t=L4KA HTTP/1.1" 200 12237
"GET /admin_files/ckeditor/ckeditor/contents.css?t=L4KA HTTP/1.1" 200 3094
"GET /admin_files/ckeditor/ckeditor/skins/moono-lisa/icons.png?t=cae20318d4 HTTP/1.1" 200 12237
"POST /admin/catalog/product/add/ HTTP/1.1" 302 0
"GET /admin/catalog/product/3357/change/ HTTP/1.1" 200 95817
"GET /admin/jsi18n/ HTTP/1.1" 200 3343
"GET /admin_files/admin/img/icon-yes.svg HTTP/1.1" 200 436
"GET /admin_files/admin/img/tooltag-arrowright.svg HTTP/1.1" 200 280
"GET /search/results/?form_state=searchForm&ezpz_hint_dummy_input=Enter+the+search+keywords&q=P27iX&image.x=0&image.y=0 HTTP/1.1" 200 73183
"GET /static/images/brands/main/fol_xKs6i5L.thumbnail.jpg HTTP/1.1" 404 6386
"GET /static/images/products/main/IMG_7907.thumbnail.jpeg HTTP/1.1" 200 3510
"GET /static/images/brands/main/klarus.thumbnail.png HTTP/1.1" 404 6366
"GET /static/images/brands/main/fol_xKs6i5L.thumbnail.jpg HTTP/1.1" 404 6386
"GET /static/base/desktop/img/header-6.0/header-images.png HTTP/1.1" 404 6390
- Broken pipe from ('127.0.0.1', 53796)

"GET /catalog-product-nitecore-p27ix/ HTTP/1.1" 200 106555
"GET /static/images/products/main/IMG_7907.large.jpeg HTTP/1.1" 200 16231
"GET /static/images/brands/main/fol_xKs6i5L.thumbnail.jpg HTTP/1.1" 404 6386
"GET /static/images/brands/main/klarus.thumbnail.png HTTP/1.1" 404 6366
"GET /static/images/products/main/IMG_7907.thumbnail.jpeg HTTP/1.1" 304 0
"GET /static/images/products/main/IMG_7907.super.jpeg HTTP/1.1" 200 226691
Watching for file changes with StatReloader
Internal Server Error: /admin/catalog/product/3357/change/
Traceback (most recent call last):
  File "/Users/wangmingye/Projects/env/lib/python3.9/site-packages/django/contrib/admin/options.py", line 804, in get_form
    return modelform_factory(self.model, **defaults)
  File "/Users/wangmingye/Projects/env/lib/python3.9/site-packages/django/forms/models.py", line 648, in modelform_factory
    return type(form)(class_name, (form,), form_class_attrs)
  File "/Users/wangmingye/Projects/env/lib/python3.9/site-packages/django/forms/models.py", line 327, in __new__
    raise FieldError(message)
django.core.exceptions.FieldError: Unknown field(s) (related_product_group_links, accessory_group_links) specified for Product

During handling of the above exception, another exception occurred:

Traceback (most recent call last):
  File "/Users/wangmingye/Projects/env/lib/python3.9/site-packages/django/core/handlers/exception.py", line 55, in inner
    response = get_response(request)
  File "/Users/wangmingye/Projects/env/lib/python3.9/site-packages/django/core/handlers/base.py", line 197, in _get_response
    response = wrapped_callback(request, *callback_args, **callback_kwargs)
  File "/Users/wangmingye/Projects/env/lib/python3.9/site-packages/django/contrib/admin/options.py", line 683, in wrapper
    return self.admin_site.admin_view(view)(*args, **kwargs)
  File "/Users/wangmingye/Projects/env/lib/python3.9/site-packages/django/utils/decorators.py", line 133, in _wrapped_view
    response = view_func(request, *args, **kwargs)
  File "/Users/wangmingye/Projects/env/lib/python3.9/site-packages/django/views/decorators/cache.py", line 62, in _wrapped_view_func
    response = view_func(request, *args, **kwargs)
  File "/Users/wangmingye/Projects/env/lib/python3.9/site-packages/django/contrib/admin/sites.py", line 242, in inner
    return view(request, *args, **kwargs)
  File "/Users/wangmingye/Projects/env/lib/python3.9/site-packages/django/contrib/admin/options.py", line 1888, in change_view
    return self.changeform_view(request, object_id, form_url, extra_context)
  File "/Users/wangmingye/Projects/env/lib/python3.9/site-packages/django/utils/decorators.py", line 46, in _wrapper
    return bound_method(*args, **kwargs)
  File "/Users/wangmingye/Projects/env/lib/python3.9/site-packages/django/utils/decorators.py", line 133, in _wrapped_view
    response = view_func(request, *args, **kwargs)
  File "/Users/wangmingye/Projects/env/lib/python3.9/site-packages/django/contrib/admin/options.py", line 1745, in changeform_view
    return self._changeform_view(request, object_id, form_url, extra_context)
  File "/Users/wangmingye/Projects/env/lib/python3.9/site-packages/django/contrib/admin/options.py", line 1781, in _changeform_view
    ModelForm = self.get_form(
  File "/Users/wangmingye/Projects/env/lib/python3.9/site-packages/django/contrib/admin/options.py", line 806, in get_form
    raise FieldError(
django.core.exceptions.FieldError: Unknown field(s) (related_product_group_links, accessory_group_links) specified for Product. Check fields/fieldsets/exclude attributes of class ProductAdmin.
"GET /admin/catalog/product/3357/change/ HTTP/1.1" 500 174774
Watching for file changes with StatReloader
Internal Server Error: /admin/catalog/product/3357/change/
Traceback (most recent call last):
  File "/Users/wangmingye/Projects/env/lib/python3.9/site-packages/django/db/models/options.py", line 672, in get_field
    return self.fields_map[field_name]
KeyError: 'related_product_group_links'

During handling of the above exception, another exception occurred:

Traceback (most recent call last):
  File "/Users/wangmingye/Projects/env/lib/python3.9/site-packages/django/contrib/admin/utils.py", line 271, in lookup_field
    f = _get_non_gfk_field(opts, name)
  File "/Users/wangmingye/Projects/env/lib/python3.9/site-packages/django/contrib/admin/utils.py", line 302, in _get_non_gfk_field
    field = opts.get_field(name)
  File "/Users/wangmingye/Projects/env/lib/python3.9/site-packages/django/db/models/options.py", line 674, in get_field
    raise FieldDoesNotExist(
django.core.exceptions.FieldDoesNotExist: Product has no field named 'related_product_group_links'

During handling of the above exception, another exception occurred:

Traceback (most recent call last):
  File "/Users/wangmingye/Projects/env/lib/python3.9/site-packages/django/core/handlers/exception.py", line 55, in inner
    response = get_response(request)
  File "/Users/wangmingye/Projects/env/lib/python3.9/site-packages/django/core/handlers/base.py", line 220, in _get_response
    response = response.render()
  File "/Users/wangmingye/Projects/env/lib/python3.9/site-packages/django/template/response.py", line 114, in render
    self.content = self.rendered_content
  File "/Users/wangmingye/Projects/env/lib/python3.9/site-packages/django/template/response.py", line 92, in rendered_content
    return template.render(context, self._request)
  File "/Users/wangmingye/Projects/env/lib/python3.9/site-packages/django/template/backends/django.py", line 62, in render
    return self.template.render(context)
  File "/Users/wangmingye/Projects/env/lib/python3.9/site-packages/django/template/base.py", line 175, in render
    return self._render(context)
  File "/Users/wangmingye/Projects/env/lib/python3.9/site-packages/django/template/base.py", line 167, in _render
    return self.nodelist.render(context)
  File "/Users/wangmingye/Projects/env/lib/python3.9/site-packages/django/template/base.py", line 1000, in render
    return SafeString("".join([node.render_annotated(context) for node in self]))
  File "/Users/wangmingye/Projects/env/lib/python3.9/site-packages/django/template/base.py", line 1000, in <listcomp>
    return SafeString("".join([node.render_annotated(context) for node in self]))
  File "/Users/wangmingye/Projects/env/lib/python3.9/site-packages/django/template/base.py", line 958, in render_annotated
    return self.render(context)
  File "/Users/wangmingye/Projects/env/lib/python3.9/site-packages/django/template/loader_tags.py", line 157, in render
    return compiled_parent._render(context)
  File "/Users/wangmingye/Projects/env/lib/python3.9/site-packages/django/template/base.py", line 167, in _render
    return self.nodelist.render(context)
  File "/Users/wangmingye/Projects/env/lib/python3.9/site-packages/django/template/base.py", line 1000, in render
    return SafeString("".join([node.render_annotated(context) for node in self]))
  File "/Users/wangmingye/Projects/env/lib/python3.9/site-packages/django/template/base.py", line 1000, in <listcomp>
    return SafeString("".join([node.render_annotated(context) for node in self]))
  File "/Users/wangmingye/Projects/env/lib/python3.9/site-packages/django/template/base.py", line 958, in render_annotated
    return self.render(context)
  File "/Users/wangmingye/Projects/env/lib/python3.9/site-packages/django/template/loader_tags.py", line 157, in render
    return compiled_parent._render(context)
  File "/Users/wangmingye/Projects/env/lib/python3.9/site-packages/django/template/base.py", line 167, in _render
    return self.nodelist.render(context)
  File "/Users/wangmingye/Projects/env/lib/python3.9/site-packages/django/template/base.py", line 1000, in render
    return SafeString("".join([node.render_annotated(context) for node in self]))
  File "/Users/wangmingye/Projects/env/lib/python3.9/site-packages/django/template/base.py", line 1000, in <listcomp>
    return SafeString("".join([node.render_annotated(context) for node in self]))
  File "/Users/wangmingye/Projects/env/lib/python3.9/site-packages/django/template/base.py", line 958, in render_annotated
    return self.render(context)
  File "/Users/wangmingye/Projects/env/lib/python3.9/site-packages/django/template/loader_tags.py", line 157, in render
    return compiled_parent._render(context)
  File "/Users/wangmingye/Projects/env/lib/python3.9/site-packages/django/template/base.py", line 167, in _render
    return self.nodelist.render(context)
  File "/Users/wangmingye/Projects/env/lib/python3.9/site-packages/django/template/base.py", line 1000, in render
    return SafeString("".join([node.render_annotated(context) for node in self]))
  File "/Users/wangmingye/Projects/env/lib/python3.9/site-packages/django/template/base.py", line 1000, in <listcomp>
    return SafeString("".join([node.render_annotated(context) for node in self]))
  File "/Users/wangmingye/Projects/env/lib/python3.9/site-packages/django/template/base.py", line 958, in render_annotated
    return self.render(context)
  File "/Users/wangmingye/Projects/env/lib/python3.9/site-packages/django/template/loader_tags.py", line 63, in render
    result = block.nodelist.render(context)
  File "/Users/wangmingye/Projects/env/lib/python3.9/site-packages/django/template/base.py", line 1000, in render
    return SafeString("".join([node.render_annotated(context) for node in self]))
  File "/Users/wangmingye/Projects/env/lib/python3.9/site-packages/django/template/base.py", line 1000, in <listcomp>
    return SafeString("".join([node.render_annotated(context) for node in self]))
  File "/Users/wangmingye/Projects/env/lib/python3.9/site-packages/django/template/base.py", line 958, in render_annotated
    return self.render(context)
  File "/Users/wangmingye/Projects/env/lib/python3.9/site-packages/django/template/loader_tags.py", line 63, in render
    result = block.nodelist.render(context)
  File "/Users/wangmingye/Projects/env/lib/python3.9/site-packages/django/template/base.py", line 1000, in render
    return SafeString("".join([node.render_annotated(context) for node in self]))
  File "/Users/wangmingye/Projects/env/lib/python3.9/site-packages/django/template/base.py", line 1000, in <listcomp>
    return SafeString("".join([node.render_annotated(context) for node in self]))
  File "/Users/wangmingye/Projects/env/lib/python3.9/site-packages/django/template/base.py", line 958, in render_annotated
    return self.render(context)
  File "/Users/wangmingye/Projects/env/lib/python3.9/site-packages/django/template/defaulttags.py", line 238, in render
    nodelist.append(node.render_annotated(context))
  File "/Users/wangmingye/Projects/env/lib/python3.9/site-packages/django/template/base.py", line 958, in render_annotated
    return self.render(context)
  File "/Users/wangmingye/Projects/env/lib/python3.9/site-packages/django/template/loader_tags.py", line 208, in render
    return template.render(context)
  File "/Users/wangmingye/Projects/env/lib/python3.9/site-packages/django/template/base.py", line 177, in render
    return self._render(context)
  File "/Users/wangmingye/Projects/env/lib/python3.9/site-packages/django/template/base.py", line 167, in _render
    return self.nodelist.render(context)
  File "/Users/wangmingye/Projects/env/lib/python3.9/site-packages/django/template/base.py", line 1000, in render
    return SafeString("".join([node.render_annotated(context) for node in self]))
  File "/Users/wangmingye/Projects/env/lib/python3.9/site-packages/django/template/base.py", line 1000, in <listcomp>
    return SafeString("".join([node.render_annotated(context) for node in self]))
  File "/Users/wangmingye/Projects/env/lib/python3.9/site-packages/django/template/base.py", line 958, in render_annotated
    return self.render(context)
  File "/Users/wangmingye/Projects/env/lib/python3.9/site-packages/django/template/defaulttags.py", line 238, in render
    nodelist.append(node.render_annotated(context))
  File "/Users/wangmingye/Projects/env/lib/python3.9/site-packages/django/template/base.py", line 958, in render_annotated
    return self.render(context)
  File "/Users/wangmingye/Projects/env/lib/python3.9/site-packages/django/template/defaulttags.py", line 238, in render
    nodelist.append(node.render_annotated(context))
  File "/Users/wangmingye/Projects/env/lib/python3.9/site-packages/django/template/base.py", line 958, in render_annotated
    return self.render(context)
  File "/Users/wangmingye/Projects/env/lib/python3.9/site-packages/django/template/defaulttags.py", line 322, in render
    return nodelist.render(context)
  File "/Users/wangmingye/Projects/env/lib/python3.9/site-packages/django/template/base.py", line 1000, in render
    return SafeString("".join([node.render_annotated(context) for node in self]))
  File "/Users/wangmingye/Projects/env/lib/python3.9/site-packages/django/template/base.py", line 1000, in <listcomp>
    return SafeString("".join([node.render_annotated(context) for node in self]))
  File "/Users/wangmingye/Projects/env/lib/python3.9/site-packages/django/template/base.py", line 958, in render_annotated
    return self.render(context)
  File "/Users/wangmingye/Projects/env/lib/python3.9/site-packages/django/template/defaulttags.py", line 322, in render
    return nodelist.render(context)
  File "/Users/wangmingye/Projects/env/lib/python3.9/site-packages/django/template/base.py", line 1000, in render
    return SafeString("".join([node.render_annotated(context) for node in self]))
  File "/Users/wangmingye/Projects/env/lib/python3.9/site-packages/django/template/base.py", line 1000, in <listcomp>
    return SafeString("".join([node.render_annotated(context) for node in self]))
  File "/Users/wangmingye/Projects/env/lib/python3.9/site-packages/django/template/base.py", line 958, in render_annotated
    return self.render(context)
  File "/Users/wangmingye/Projects/env/lib/python3.9/site-packages/django/template/base.py", line 1059, in render
    output = self.filter_expression.resolve(context)
  File "/Users/wangmingye/Projects/env/lib/python3.9/site-packages/django/template/base.py", line 712, in resolve
    obj = self.var.resolve(context)
  File "/Users/wangmingye/Projects/env/lib/python3.9/site-packages/django/template/base.py", line 842, in resolve
    value = self._resolve_lookup(context)
  File "/Users/wangmingye/Projects/env/lib/python3.9/site-packages/django/template/base.py", line 909, in _resolve_lookup
    current = current()
  File "/Users/wangmingye/Projects/env/lib/python3.9/site-packages/django/contrib/admin/helpers.py", line 265, in contents
    f, attr, value = lookup_field(field, obj, model_admin)
  File "/Users/wangmingye/Projects/env/lib/python3.9/site-packages/django/contrib/admin/utils.py", line 280, in lookup_field
    value = attr(obj)
  File "/Users/wangmingye/Projects/flashlights/ecomstore/catalog/admin.py", line 334, in related_product_group_links
    return mark_safe(''.join(parts))
NameError: name 'mark_safe' is not defined
"GET /admin/catalog/product/3357/change/ HTTP/1.1" 500 752442
Watching for file changes with StatReloader
Internal Server Error: /admin/catalog/product/3357/change/
Traceback (most recent call last):
  File "/Users/wangmingye/Projects/env/lib/python3.9/site-packages/django/contrib/admin/options.py", line 804, in get_form
    return modelform_factory(self.model, **defaults)
  File "/Users/wangmingye/Projects/env/lib/python3.9/site-packages/django/forms/models.py", line 648, in modelform_factory
    return type(form)(class_name, (form,), form_class_attrs)
  File "/Users/wangmingye/Projects/env/lib/python3.9/site-packages/django/forms/models.py", line 327, in __new__
    raise FieldError(message)
django.core.exceptions.FieldError: Unknown field(s) (accessory_group_links, related_product_group_links) specified for Product

During handling of the above exception, another exception occurred:

Traceback (most recent call last):
  File "/Users/wangmingye/Projects/env/lib/python3.9/site-packages/django/core/handlers/exception.py", line 55, in inner
    response = get_response(request)
  File "/Users/wangmingye/Projects/env/lib/python3.9/site-packages/django/core/handlers/base.py", line 197, in _get_response
    response = wrapped_callback(request, *callback_args, **callback_kwargs)
  File "/Users/wangmingye/Projects/env/lib/python3.9/site-packages/django/contrib/admin/options.py", line 683, in wrapper
    return self.admin_site.admin_view(view)(*args, **kwargs)
  File "/Users/wangmingye/Projects/env/lib/python3.9/site-packages/django/utils/decorators.py", line 133, in _wrapped_view
    response = view_func(request, *args, **kwargs)
  File "/Users/wangmingye/Projects/env/lib/python3.9/site-packages/django/views/decorators/cache.py", line 62, in _wrapped_view_func
    response = view_func(request, *args, **kwargs)
  File "/Users/wangmingye/Projects/env/lib/python3.9/site-packages/django/contrib/admin/sites.py", line 242, in inner
    return view(request, *args, **kwargs)
  File "/Users/wangmingye/Projects/env/lib/python3.9/site-packages/django/contrib/admin/options.py", line 1888, in change_view
    return self.changeform_view(request, object_id, form_url, extra_context)
  File "/Users/wangmingye/Projects/env/lib/python3.9/site-packages/django/utils/decorators.py", line 46, in _wrapper
    return bound_method(*args, **kwargs)
  File "/Users/wangmingye/Projects/env/lib/python3.9/site-packages/django/utils/decorators.py", line 133, in _wrapped_view
    response = view_func(request, *args, **kwargs)
  File "/Users/wangmingye/Projects/env/lib/python3.9/site-packages/django/contrib/admin/options.py", line 1745, in changeform_view
    return self._changeform_view(request, object_id, form_url, extra_context)
  File "/Users/wangmingye/Projects/env/lib/python3.9/site-packages/django/contrib/admin/options.py", line 1781, in _changeform_view
    ModelForm = self.get_form(
  File "/Users/wangmingye/Projects/env/lib/python3.9/site-packages/django/contrib/admin/options.py", line 806, in get_form
    raise FieldError(
django.core.exceptions.FieldError: Unknown field(s) (accessory_group_links, related_product_group_links) specified for Product. Check fields/fieldsets/exclude attributes of class ProductAdmin.
"GET /admin/catalog/product/3357/change/ HTTP/1.1" 500 174774
Watching for file changes with StatReloader
Internal Server Error: /admin/catalog/product/3357/change/
Traceback (most recent call last):
  File "/Users/wangmingye/Projects/env/lib/python3.9/site-packages/django/db/models/options.py", line 672, in get_field
    return self.fields_map[field_name]
KeyError: 'related_product_group_links'

During handling of the above exception, another exception occurred:

Traceback (most recent call last):
  File "/Users/wangmingye/Projects/env/lib/python3.9/site-packages/django/contrib/admin/utils.py", line 271, in lookup_field
    f = _get_non_gfk_field(opts, name)
  File "/Users/wangmingye/Projects/env/lib/python3.9/site-packages/django/contrib/admin/utils.py", line 302, in _get_non_gfk_field
    field = opts.get_field(name)
  File "/Users/wangmingye/Projects/env/lib/python3.9/site-packages/django/db/models/options.py", line 674, in get_field
    raise FieldDoesNotExist(
django.core.exceptions.FieldDoesNotExist: Product has no field named 'related_product_group_links'

During handling of the above exception, another exception occurred:

Traceback (most recent call last):
  File "/Users/wangmingye/Projects/env/lib/python3.9/site-packages/django/core/handlers/exception.py", line 55, in inner
    response = get_response(request)
  File "/Users/wangmingye/Projects/env/lib/python3.9/site-packages/django/core/handlers/base.py", line 220, in _get_response
    response = response.render()
  File "/Users/wangmingye/Projects/env/lib/python3.9/site-packages/django/template/response.py", line 114, in render
    self.content = self.rendered_content
  File "/Users/wangmingye/Projects/env/lib/python3.9/site-packages/django/template/response.py", line 92, in rendered_content
    return template.render(context, self._request)
  File "/Users/wangmingye/Projects/env/lib/python3.9/site-packages/django/template/backends/django.py", line 62, in render
    return self.template.render(context)
  File "/Users/wangmingye/Projects/env/lib/python3.9/site-packages/django/template/base.py", line 175, in render
    return self._render(context)
  File "/Users/wangmingye/Projects/env/lib/python3.9/site-packages/django/template/base.py", line 167, in _render
    return self.nodelist.render(context)
  File "/Users/wangmingye/Projects/env/lib/python3.9/site-packages/django/template/base.py", line 1000, in render
    return SafeString("".join([node.render_annotated(context) for node in self]))
  File "/Users/wangmingye/Projects/env/lib/python3.9/site-packages/django/template/base.py", line 1000, in <listcomp>
    return SafeString("".join([node.render_annotated(context) for node in self]))
  File "/Users/wangmingye/Projects/env/lib/python3.9/site-packages/django/template/base.py", line 958, in render_annotated
    return self.render(context)
  File "/Users/wangmingye/Projects/env/lib/python3.9/site-packages/django/template/loader_tags.py", line 157, in render
    return compiled_parent._render(context)
  File "/Users/wangmingye/Projects/env/lib/python3.9/site-packages/django/template/base.py", line 167, in _render
    return self.nodelist.render(context)
  File "/Users/wangmingye/Projects/env/lib/python3.9/site-packages/django/template/base.py", line 1000, in render
    return SafeString("".join([node.render_annotated(context) for node in self]))
  File "/Users/wangmingye/Projects/env/lib/python3.9/site-packages/django/template/base.py", line 1000, in <listcomp>
    return SafeString("".join([node.render_annotated(context) for node in self]))
  File "/Users/wangmingye/Projects/env/lib/python3.9/site-packages/django/template/base.py", line 958, in render_annotated
    return self.render(context)
  File "/Users/wangmingye/Projects/env/lib/python3.9/site-packages/django/template/loader_tags.py", line 157, in render
    return compiled_parent._render(context)
  File "/Users/wangmingye/Projects/env/lib/python3.9/site-packages/django/template/base.py", line 167, in _render
    return self.nodelist.render(context)
  File "/Users/wangmingye/Projects/env/lib/python3.9/site-packages/django/template/base.py", line 1000, in render
    return SafeString("".join([node.render_annotated(context) for node in self]))
  File "/Users/wangmingye/Projects/env/lib/python3.9/site-packages/django/template/base.py", line 1000, in <listcomp>
    return SafeString("".join([node.render_annotated(context) for node in self]))
  File "/Users/wangmingye/Projects/env/lib/python3.9/site-packages/django/template/base.py", line 958, in render_annotated
    return self.render(context)
  File "/Users/wangmingye/Projects/env/lib/python3.9/site-packages/django/template/loader_tags.py", line 157, in render
    return compiled_parent._render(context)
  File "/Users/wangmingye/Projects/env/lib/python3.9/site-packages/django/template/base.py", line 167, in _render
    return self.nodelist.render(context)
  File "/Users/wangmingye/Projects/env/lib/python3.9/site-packages/django/template/base.py", line 1000, in render
    return SafeString("".join([node.render_annotated(context) for node in self]))
  File "/Users/wangmingye/Projects/env/lib/python3.9/site-packages/django/template/base.py", line 1000, in <listcomp>
    return SafeString("".join([node.render_annotated(context) for node in self]))
  File "/Users/wangmingye/Projects/env/lib/python3.9/site-packages/django/template/base.py", line 958, in render_annotated
    return self.render(context)
  File "/Users/wangmingye/Projects/env/lib/python3.9/site-packages/django/template/loader_tags.py", line 63, in render
    result = block.nodelist.render(context)
  File "/Users/wangmingye/Projects/env/lib/python3.9/site-packages/django/template/base.py", line 1000, in render
    return SafeString("".join([node.render_annotated(context) for node in self]))
  File "/Users/wangmingye/Projects/env/lib/python3.9/site-packages/django/template/base.py", line 1000, in <listcomp>
    return SafeString("".join([node.render_annotated(context) for node in self]))
  File "/Users/wangmingye/Projects/env/lib/python3.9/site-packages/django/template/base.py", line 958, in render_annotated
    return self.render(context)
  File "/Users/wangmingye/Projects/env/lib/python3.9/site-packages/django/template/loader_tags.py", line 63, in render
    result = block.nodelist.render(context)
  File "/Users/wangmingye/Projects/env/lib/python3.9/site-packages/django/template/base.py", line 1000, in render
    return SafeString("".join([node.render_annotated(context) for node in self]))
  File "/Users/wangmingye/Projects/env/lib/python3.9/site-packages/django/template/base.py", line 1000, in <listcomp>
    return SafeString("".join([node.render_annotated(context) for node in self]))
  File "/Users/wangmingye/Projects/env/lib/python3.9/site-packages/django/template/base.py", line 958, in render_annotated
    return self.render(context)
  File "/Users/wangmingye/Projects/env/lib/python3.9/site-packages/django/template/defaulttags.py", line 238, in render
    nodelist.append(node.render_annotated(context))
  File "/Users/wangmingye/Projects/env/lib/python3.9/site-packages/django/template/base.py", line 958, in render_annotated
    return self.render(context)
  File "/Users/wangmingye/Projects/env/lib/python3.9/site-packages/django/template/loader_tags.py", line 208, in render
    return template.render(context)
  File "/Users/wangmingye/Projects/env/lib/python3.9/site-packages/django/template/base.py", line 177, in render
    return self._render(context)
  File "/Users/wangmingye/Projects/env/lib/python3.9/site-packages/django/template/base.py", line 167, in _render
    return self.nodelist.render(context)
  File "/Users/wangmingye/Projects/env/lib/python3.9/site-packages/django/template/base.py", line 1000, in render
    return SafeString("".join([node.render_annotated(context) for node in self]))
  File "/Users/wangmingye/Projects/env/lib/python3.9/site-packages/django/template/base.py", line 1000, in <listcomp>
    return SafeString("".join([node.render_annotated(context) for node in self]))
  File "/Users/wangmingye/Projects/env/lib/python3.9/site-packages/django/template/base.py", line 958, in render_annotated
    return self.render(context)
  File "/Users/wangmingye/Projects/env/lib/python3.9/site-packages/django/template/defaulttags.py", line 238, in render
    nodelist.append(node.render_annotated(context))
  File "/Users/wangmingye/Projects/env/lib/python3.9/site-packages/django/template/base.py", line 958, in render_annotated
    return self.render(context)
  File "/Users/wangmingye/Projects/env/lib/python3.9/site-packages/django/template/defaulttags.py", line 238, in render
    nodelist.append(node.render_annotated(context))
  File "/Users/wangmingye/Projects/env/lib/python3.9/site-packages/django/template/base.py", line 958, in render_annotated
    return self.render(context)
  File "/Users/wangmingye/Projects/env/lib/python3.9/site-packages/django/template/defaulttags.py", line 322, in render
    return nodelist.render(context)
  File "/Users/wangmingye/Projects/env/lib/python3.9/site-packages/django/template/base.py", line 1000, in render
    return SafeString("".join([node.render_annotated(context) for node in self]))
  File "/Users/wangmingye/Projects/env/lib/python3.9/site-packages/django/template/base.py", line 1000, in <listcomp>
    return SafeString("".join([node.render_annotated(context) for node in self]))
  File "/Users/wangmingye/Projects/env/lib/python3.9/site-packages/django/template/base.py", line 958, in render_annotated
    return self.render(context)
  File "/Users/wangmingye/Projects/env/lib/python3.9/site-packages/django/template/defaulttags.py", line 322, in render
    return nodelist.render(context)
  File "/Users/wangmingye/Projects/env/lib/python3.9/site-packages/django/template/base.py", line 1000, in render
    return SafeString("".join([node.render_annotated(context) for node in self]))
  File "/Users/wangmingye/Projects/env/lib/python3.9/site-packages/django/template/base.py", line 1000, in <listcomp>
    return SafeString("".join([node.render_annotated(context) for node in self]))
  File "/Users/wangmingye/Projects/env/lib/python3.9/site-packages/django/template/base.py", line 958, in render_annotated
    return self.render(context)
  File "/Users/wangmingye/Projects/env/lib/python3.9/site-packages/django/template/base.py", line 1059, in render
    output = self.filter_expression.resolve(context)
  File "/Users/wangmingye/Projects/env/lib/python3.9/site-packages/django/template/base.py", line 712, in resolve
    obj = self.var.resolve(context)
  File "/Users/wangmingye/Projects/env/lib/python3.9/site-packages/django/template/base.py", line 842, in resolve
    value = self._resolve_lookup(context)
  File "/Users/wangmingye/Projects/env/lib/python3.9/site-packages/django/template/base.py", line 909, in _resolve_lookup
    current = current()
  File "/Users/wangmingye/Projects/env/lib/python3.9/site-packages/django/contrib/admin/helpers.py", line 265, in contents
    f, attr, value = lookup_field(field, obj, model_admin)
  File "/Users/wangmingye/Projects/env/lib/python3.9/site-packages/django/contrib/admin/utils.py", line 280, in lookup_field
    value = attr(obj)
  File "/Users/wangmingye/Projects/flashlights/ecomstore/catalog/admin.py", line 333, in related_product_group_links
    return mark_safe(''.join(parts))
NameError: name 'mark_safe' is not defined
"GET /admin/catalog/product/3357/change/ HTTP/1.1" 500 752243
Watching for file changes with StatReloader
"GET /admin/catalog/product/3357/change/ HTTP/1.1" 200 97245
"GET /admin/jsi18n/ HTTP/1.1" 200 3343
Watching for file changes with StatReloader
"GET /admin/catalog/product/3357/change/ HTTP/1.1" 200 97081
"GET /admin/jsi18n/ HTTP/1.1" 200 3343
"GET /admin/catalog/productassociation/add/ HTTP/1.1" 200 217947
"GET /admin/jsi18n/ HTTP/1.1" 200 3343
"GET /admin/catalog/productassociation/ HTTP/1.1" 200 55178
"GET /admin/jsi18n/ HTTP/1.1" 200 3343
"GET /admin/catalog/productassociation/15/change/ HTTP/1.1" 200 218333
"GET /admin/jsi18n/ HTTP/1.1" 200 3343
"GET /admin/catalog/product/ HTTP/1.1" 200 335121
"GET /admin/jsi18n/ HTTP/1.1" 200 3343
"GET /admin/catalog/product/3357/change/ HTTP/1.1" 200 97081
"GET /admin/jsi18n/ HTTP/1.1" 200 3343
"GET /admin/catalog/accessory_product/?products__id__exact=3357 HTTP/1.1" 200 45819
"GET /admin/jsi18n/ HTTP/1.1" 200 3343
"GET /admin/catalog/product/3357/change/ HTTP/1.1" 200 97081
"GET /admin/catalog/accessory_product/add/ HTTP/1.1" 200 390270
"GET /admin/jsi18n/ HTTP/1.1" 200 3343
"POST /admin/catalog/accessory_product/add/ HTTP/1.1" 200 390489
"GET /admin/jsi18n/ HTTP/1.1" 200 3343
"POST /admin/catalog/accessory_product/add/ HTTP/1.1" 302 0
"GET /admin/catalog/accessory_product/32/change/ HTTP/1.1" 200 390840
"GET /admin/jsi18n/ HTTP/1.1" 200 3343
"GET /catalog-product-nitecore-p27ix/ HTTP/1.1" 200 109064
"GET /static/images/products/main/IMG_7907.large.jpeg HTTP/1.1" 304 0
"GET /static/images/products/main/IMG_7907.super.jpeg HTTP/1.1" 304 0
"GET /static/images/products/main/IMG_7907.thumbnail.jpeg HTTP/1.1" 304 0
"GET /static/images/brands/main/fol_xKs6i5L.thumbnail.jpg HTTP/1.1" 404 6386
"GET /static/images/brands/main/klarus.thumbnail.png HTTP/1.1" 404 6366
"GET /static/images/products/main/NB10000GEN3.thumbnail.jpg HTTP/1.1" 404 6394
"GET /cart/ HTTP/1.1" 200 77620
"GET /static/images/brands/main/fol_xKs6i5L.thumbnail.jpg HTTP/1.1" 404 6386
"GET /static/images/brands/main/klarus.thumbnail.png HTTP/1.1" 404 6366
"GET /cart/ HTTP/1.1" 200 77620
"GET /static/images/brands/main/fol_xKs6i5L.thumbnail.jpg HTTP/1.1" 404 6386
"GET /static/images/brands/main/klarus.thumbnail.png HTTP/1.1" 404 6366
"GET /search/results/?form_state=searchForm&ezpz_hint_dummy_input=Enter+the+search+keywords&q=P27iX&image.x=0&image.y=0 HTTP/1.1" 200 73183
"GET /static/images/brands/main/fol_xKs6i5L.thumbnail.jpg HTTP/1.1" 404 6386
"GET /static/images/brands/main/klarus.thumbnail.png HTTP/1.1" 404 6366
"GET /catalog-product-nitecore-p27ix/ HTTP/1.1" 200 109064
"GET /static/images/brands/main/fol_xKs6i5L.thumbnail.jpg HTTP/1.1" 404 6386
"GET /static/images/brands/main/klarus.thumbnail.png HTTP/1.1" 404 6366
"GET /static/images/products/main/NB10000GEN3.thumbnail.jpg HTTP/1.1" 404 6394
"POST /admin/catalog/accessory_product/32/change/ HTTP/1.1" 302 0
"GET /admin/catalog/accessory_product/32/change/ HTTP/1.1" 200 390851
"GET /admin/jsi18n/ HTTP/1.1" 200 3343
"GET /admin/catalog/accessory_product/ HTTP/1.1" 200 54800
"GET /admin/jsi18n/ HTTP/1.1" 200 3343
"GET /admin/catalog/ HTTP/1.1" 200 49645
"GET /admin/catalog/product/ HTTP/1.1" 200 335121
"GET /admin/jsi18n/ HTTP/1.1" 200 3343
"GET /admin/catalog/product/3357/change/ HTTP/1.1" 200 97118
"GET /admin/jsi18n/ HTTP/1.1" 200 3343
"GET /admin/catalog/productassociation/add/ HTTP/1.1" 200 217947
"GET /admin/jsi18n/ HTTP/1.1" 200 3343
"POST /admin/catalog/productassociation/add/ HTTP/1.1" 302 0
"GET /admin/catalog/productassociation/20/change/ HTTP/1.1" 200 218486
"GET /admin/jsi18n/ HTTP/1.1" 200 3343
"GET /catalog-product-nitecore-p27ix/ HTTP/1.1" 200 110661
"GET /static/images/products/main/IMG_7907.large.jpeg HTTP/1.1" 304 0
"GET /static/images/brands/main/fol_xKs6i5L.thumbnail.jpg HTTP/1.1" 404 6386
"GET /static/images/brands/main/klarus.thumbnail.png HTTP/1.1" 404 6366
"GET /static/images/products/main/NB10000GEN3.thumbnail.jpg HTTP/1.1" 404 6394
"GET /static/images/products/main/Main_VqmYlJB.thumbnail.jpg HTTP/1.1" 404 6398
"GET /static/images/products/main/IMG_7907.super.jpeg HTTP/1.1" 304 0
"GET /static/images/products/main/IMG_7907.thumbnail.jpeg HTTP/1.1" 304 0
Watching for file changes with StatReloader
"GET /catalog-product-nitecore-p27ix/ HTTP/1.1" 200 110143
"GET /static/images/products/main/IMG_7907.large.jpeg HTTP/1.1" 304 0
"GET /static/images/products/main/IMG_7907.super.jpeg HTTP/1.1" 304 0
"GET /static/images/products/main/IMG_7907.thumbnail.jpeg HTTP/1.1" 304 0
"GET /static/images/brands/main/klarus.thumbnail.png HTTP/1.1" 404 6366
"GET /static/images/brands/main/fol_xKs6i5L.thumbnail.jpg HTTP/1.1" 404 6386
"GET /static/images/products/main/NB10000GEN3.thumbnail.jpg HTTP/1.1" 404 6394
"GET /static/images/products/main/Main_VqmYlJB.thumbnail.jpg HTTP/1.1" 404 6398
"POST /catalog-product-nitecore-p27ix/ HTTP/1.1" 302 0
"GET /catalog-product-nitecore-p27ix/ HTTP/1.1" 200 110396
"GET /static/images/products/main/IMG_7907.large.jpeg HTTP/1.1" 304 0
"GET /static/images/brands/main/fol_xKs6i5L.thumbnail.jpg HTTP/1.1" 404 6386
"GET /static/images/brands/main/klarus.thumbnail.png HTTP/1.1" 404 6366
"GET /static/images/products/main/NB10000GEN3.thumbnail.jpg HTTP/1.1" 404 6394
"GET /static/images/products/main/Main_VqmYlJB.thumbnail.jpg HTTP/1.1" 404 6398
"GET /static/images/products/main/IMG_7907.super.jpeg HTTP/1.1" 304 0
"GET /static/images/products/main/IMG_7907.thumbnail.jpeg HTTP/1.1" 304 0
Watching for file changes with StatReloader
"GET /catalog-product-nitecore-p27ix/ HTTP/1.1" 200 107051
"GET /static/images/brands/main/fol_xKs6i5L.thumbnail.jpg HTTP/1.1" 404 6386
"GET /static/images/brands/main/klarus.thumbnail.png HTTP/1.1" 404 6366
"GET /admin/catalog/ HTTP/1.1" 200 49645
"GET /admin/catalog/product/ HTTP/1.1" 200 335121
"GET /admin/jsi18n/ HTTP/1.1" 200 3343
"GET /admin/catalog/product/3357/change/ HTTP/1.1" 200 97118
"GET /admin/jsi18n/ HTTP/1.1" 200 3343
"GET /admin/catalog/productassociation/add/ HTTP/1.1" 200 217947
"GET /admin/jsi18n/ HTTP/1.1" 200 3343
"POST /admin/catalog/productassociation/add/ HTTP/1.1" 200 218099
"GET /admin/jsi18n/ HTTP/1.1" 200 3343
"POST /admin/catalog/productassociation/add/ HTTP/1.1" 302 0
"GET /admin/catalog/productassociation/21/change/ HTTP/1.1" 200 218458
"GET /admin/jsi18n/ HTTP/1.1" 200 3343
"GET /catalog-product-nitecore-p27ix/ HTTP/1.1" 200 107051
"GET /static/images/brands/main/fol_xKs6i5L.thumbnail.jpg HTTP/1.1" 404 6386
"GET /static/images/brands/main/klarus.thumbnail.png HTTP/1.1" 404 6366
"GET /catalog-product-nitecore-p27ix/ HTTP/1.1" 200 107051
"GET /static/images/brands/main/klarus.thumbnail.png HTTP/1.1" 404 6366
"GET /static/images/brands/main/fol_xKs6i5L.thumbnail.jpg HTTP/1.1" 404 6386
"GET /admin/catalog/ HTTP/1.1" 200 49645
"GET /admin/catalog/product/ HTTP/1.1" 200 335121
"GET /admin/jsi18n/ HTTP/1.1" 200 3343
"GET /admin/catalog/product/3357/change/ HTTP/1.1" 200 97118
"GET /admin/jsi18n/ HTTP/1.1" 200 3343
Watching for file changes with StatReloader
"GET /catalog-product-nitecore-p27ix/ HTTP/1.1" 200 110144
"GET /static/images/products/main/IMG_7907.large.jpeg HTTP/1.1" 304 0
"GET /static/images/products/main/IMG_7907.super.jpeg HTTP/1.1" 304 0
"GET /static/images/products/main/IMG_7907.thumbnail.jpeg HTTP/1.1" 304 0
"GET /static/images/brands/main/fol_xKs6i5L.thumbnail.jpg HTTP/1.1" 404 6386
"GET /static/images/products/main/NB10000GEN3.thumbnail.jpg HTTP/1.1" 404 6394
"GET /static/images/products/main/Main_VqmYlJB.thumbnail.jpg HTTP/1.1" 404 6398
"GET /static/images/brands/main/klarus.thumbnail.png HTTP/1.1" 404 6366
"GET /cart/ HTTP/1.1" 200 79141
"GET /static/images/brands/main/fol_xKs6i5L.thumbnail.jpg HTTP/1.1" 404 6386
"GET /static/images/brands/main/klarus.thumbnail.png HTTP/1.1" 404 6366
"GET /catalog-product-nitecore-p27ix/ HTTP/1.1" 200 110144
"GET /static/images/brands/main/fol_xKs6i5L.thumbnail.jpg HTTP/1.1" 404 6386
"GET /static/images/brands/main/klarus.thumbnail.png HTTP/1.1" 404 6366
"GET /static/images/products/main/NB10000GEN3.thumbnail.jpg HTTP/1.1" 404 6394
"GET /static/images/products/main/Main_VqmYlJB.thumbnail.jpg HTTP/1.1" 404 6398
"GET /admin/catalog/accessory_product/add/ HTTP/1.1" 200 390270
"GET /admin/jsi18n/ HTTP/1.1" 200 3343
"GET /admin/catalog/accessory_product/ HTTP/1.1" 200 54800
"GET /admin/jsi18n/ HTTP/1.1" 200 3343
"GET /admin/catalog/ HTTP/1.1" 200 49645
"GET /admin/catalog/product/ HTTP/1.1" 200 335121
"GET /admin/jsi18n/ HTTP/1.1" 200 3343
"GET /admin/catalog/product/3357/change/ HTTP/1.1" 200 97118
"GET /admin/jsi18n/ HTTP/1.1" 200 3343
Watching for file changes with StatReloader
- Broken pipe from ('127.0.0.1', 65532)

"GET /catalog-product-nitecore-p27ix/ HTTP/1.1" 200 107051
"GET /static/images/brands/main/fol_xKs6i5L.thumbnail.jpg HTTP/1.1" 404 6386
"GET /static/images/brands/main/klarus.thumbnail.png HTTP/1.1" 404 6366
Watching for file changes with StatReloader
"GET /catalog-product-nitecore-p27ix/ HTTP/1.1" 200 110144
"GET /static/images/products/main/IMG_7907.large.jpeg HTTP/1.1" 304 0
"GET /static/images/brands/main/fol_xKs6i5L.thumbnail.jpg HTTP/1.1" 404 6386
"GET /static/images/products/main/IMG_7907.super.jpeg HTTP/1.1" 304 0
"GET /static/images/products/main/IMG_7907.thumbnail.jpeg HTTP/1.1" 304 0
"GET /static/images/brands/main/klarus.thumbnail.png HTTP/1.1" 404 6366
"GET /static/images/products/main/NB10000GEN3.thumbnail.jpg HTTP/1.1" 404 6394
"GET /static/images/products/main/Main_VqmYlJB.thumbnail.jpg HTTP/1.1" 404 6398
"GET /static/base/desktop/img/header-6.0/header-images.png HTTP/1.1" 404 6390
"GET /cart/ HTTP/1.1" 200 79141
"GET /static/images/brands/main/fol_xKs6i5L.thumbnail.jpg HTTP/1.1" 404 6386
"GET /static/images/brands/main/klarus.thumbnail.png HTTP/1.1" 404 6366
"GET /static/base/desktop/img/header-6.0/header-images.png HTTP/1.1" 404 6390
"GET /search/results/?form_state=searchForm&ezpz_hint_dummy_input=Enter+the+search+keywords&q=P27iX&image.x=0&image.y=0 HTTP/1.1" 200 73184
"GET /static/images/brands/main/fol_xKs6i5L.thumbnail.jpg HTTP/1.1" 404 6386
"GET /static/images/brands/main/klarus.thumbnail.png HTTP/1.1" 404 6366
"GET /static/base/desktop/img/header-6.0/header-images.png HTTP/1.1" 404 6390
"GET /catalog-product-nitecore-p27ix/ HTTP/1.1" 200 110144
"GET /static/images/brands/main/klarus.thumbnail.png HTTP/1.1" 404 6366
"GET /static/images/brands/main/fol_xKs6i5L.thumbnail.jpg HTTP/1.1" 404 6386
"GET /static/images/products/main/Main_VqmYlJB.thumbnail.jpg HTTP/1.1" 404 6398
"GET /static/images/products/main/NB10000GEN3.thumbnail.jpg HTTP/1.1" 404 6394
"GET /.well-known/appspecific/com.chrome.devtools.json HTTP/1.1" 404 6127
- Broken pipe from ('127.0.0.1', 50163)

"GET /static/js/magicslideshow/themes/default/graphics/buttons@2x.png HTTP/1.1" 404 6434
Watching for file changes with StatReloader
"GET /catalog-product-nitecore-p27ix/ HTTP/1.1" 200 110160
"GET /static/js/components/productassociation.js?v=manualrelated3 HTTP/1.1" 200 2656
"GET /static/images/brands/main/klarus.thumbnail.png HTTP/1.1" 404 6366
"GET /static/images/brands/main/fol_xKs6i5L.thumbnail.jpg HTTP/1.1" 404 6386
"GET /static/images/products/main/Main_VqmYlJB.thumbnail.jpg HTTP/1.1" 404 6398
"GET /static/images/products/main/NB10000GEN3.thumbnail.jpg HTTP/1.1" 404 6394
"POST /catalog/relatedproducts/ HTTP/1.1" 200 38
"GET /static/base/desktop/img/header-6.0/header-images.png HTTP/1.1" 404 6390
"GET /cart/ HTTP/1.1" 200 80902
"GET /static/images/brands/main/fol_xKs6i5L.thumbnail.jpg HTTP/1.1" 404 6386
"GET /static/images/brands/main/klarus.thumbnail.png HTTP/1.1" 404 6366
"GET /static/base/desktop/img/header-6.0/header-images.png HTTP/1.1" 404 6390
"GET /catalog-product-nitecore-p27ix/ HTTP/1.1" 200 110160
"GET /static/images/brands/main/klarus.thumbnail.png HTTP/1.1" 404 6366
"GET /static/images/brands/main/fol_xKs6i5L.thumbnail.jpg HTTP/1.1" 404 6386
"GET /static/images/products/main/NB10000GEN3.thumbnail.jpg HTTP/1.1" 404 6394
"GET /static/images/products/main/Main_VqmYlJB.thumbnail.jpg HTTP/1.1" 404 6398
"POST /catalog/relatedproducts/ HTTP/1.1" 200 38
"GET /cart/ HTTP/1.1" 200 82437
"GET /static/images/brands/main/klarus.thumbnail.png HTTP/1.1" 404 6366
"GET /static/images/brands/main/fol_xKs6i5L.thumbnail.jpg HTTP/1.1" 404 6386
"GET /catalog-product-nitecore-p27ix/ HTTP/1.1" 200 110160
"GET /static/js/components/productassociation.js?v=manualrelated3 HTTP/1.1" 304 0
"GET /static/images/brands/main/klarus.thumbnail.png HTTP/1.1" 404 6366
"GET /static/images/products/main/NB10000GEN3.thumbnail.jpg HTTP/1.1" 404 6394
"GET /static/images/products/main/Main_VqmYlJB.thumbnail.jpg HTTP/1.1" 404 6398
"GET /static/images/brands/main/fol_xKs6i5L.thumbnail.jpg HTTP/1.1" 404 6386
Watching for file changes with StatReloader
"GET /catalog-product-nitecore-p27ix/ HTTP/1.1" 200 111469
"GET /static/images/products/main/IMG_7907.large.jpeg HTTP/1.1" 304 0
"GET /static/js/components/productassociation.js?v=manualrelated3 HTTP/1.1" 304 0
"GET /static/images/products/main/IMG_7907.super.jpeg HTTP/1.1" 304 0
"GET /static/images/brands/main/fol_xKs6i5L.thumbnail.jpg HTTP/1.1" 404 6386
"GET /static/images/products/main/IMG_7907.thumbnail.jpeg HTTP/1.1" 304 0
"GET /static/images/brands/main/klarus.thumbnail.png HTTP/1.1" 404 6366
"GET /static/images/products/main/NB10000GEN3.thumbnail.jpg HTTP/1.1" 404 6394
"GET /static/images/products/main/Main_VqmYlJB.thumbnail.jpg HTTP/1.1" 404 6398
"POST /catalog/relatedproducts/ HTTP/1.1" 200 38
"POST /catalog/relatedproducts/ HTTP/1.1" 200 38
"GET /cart/ HTTP/1.1" 200 82649
"GET /static/images/brands/main/klarus.thumbnail.png HTTP/1.1" 404 6366
"GET /static/images/brands/main/fol_xKs6i5L.thumbnail.jpg HTTP/1.1" 404 6386
"GET /admin/catalog/product/3357/change/ HTTP/1.1" 200 97118
"GET /admin/jsi18n/ HTTP/1.1" 200 3343
"GET /admin/catalog/accessory_product/32/change/ HTTP/1.1" 200 390586
"GET /admin/jsi18n/ HTTP/1.1" 200 3343
"GET /admin/catalog/accessory_product/ HTTP/1.1" 200 54800
"GET /admin/jsi18n/ HTTP/1.1" 200 3343
"GET /admin/catalog/ HTTP/1.1" 200 49645
"GET /admin/catalog/product/ HTTP/1.1" 200 335121
"GET /admin/jsi18n/ HTTP/1.1" 200 3343
"GET /admin/catalog/product/3357/change/ HTTP/1.1" 200 97118
"GET /admin/jsi18n/ HTTP/1.1" 200 3343
"GET /admin/catalog/productassociation/add/ HTTP/1.1" 200 217947
"GET /admin/jsi18n/ HTTP/1.1" 200 3343
"POST /admin/catalog/productassociation/add/ HTTP/1.1" 302 0
"GET /admin/catalog/productassociation/22/change/ HTTP/1.1" 200 218462
"GET /admin/jsi18n/ HTTP/1.1" 200 3343
"GET /catalog-product-nitecore-p27ix/ HTTP/1.1" 200 111469
"GET /static/js/components/productassociation.js?v=manualrelated3 HTTP/1.1" 304 0
"GET /static/images/brands/main/fol_xKs6i5L.thumbnail.jpg HTTP/1.1" 404 6386
"GET /static/images/brands/main/klarus.thumbnail.png HTTP/1.1" 404 6366
"GET /static/images/brands/main/fol_xKs6i5L.thumbnail.jpg HTTP/1.1" 404 6386
"GET /static/images/products/main/Main_VqmYlJB.thumbnail.jpg HTTP/1.1" 404 6398
"GET /static/images/products/main/NB10000GEN3.thumbnail.jpg HTTP/1.1" 404 6394
"GET /admin/catalog/ HTTP/1.1" 200 49645
"GET /admin/catalog/product/ HTTP/1.1" 200 335121
"GET /admin/jsi18n/ HTTP/1.1" 200 3343
"GET /admin/catalog/product/3357/change/ HTTP/1.1" 200 97118
"GET /admin/jsi18n/ HTTP/1.1" 200 3343
Watching for file changes with StatReloader
"GET /catalog-product-nitecore-p27ix/ HTTP/1.1" 200 112646
"GET /static/js/components/productassociation.js?v=manualrelated3 HTTP/1.1" 304 0
"GET /static/images/brands/main/fol_xKs6i5L.thumbnail.jpg HTTP/1.1" 404 6386
"GET /static/images/products/main/NB10000GEN3.thumbnail.jpg HTTP/1.1" 404 6394
"GET /static/images/brands/main/klarus.thumbnail.png HTTP/1.1" 404 6366
"GET /static/images/products/main/Main_VqmYlJB.thumbnail.jpg HTTP/1.1" 404 6398
"POST /catalog/relatedproducts/ HTTP/1.1" 200 38
"POST /catalog/relatedproducts/ HTTP/1.1" 200 38
Watching for file changes with StatReloader
Watching for file changes with StatReloader
"GET /admin/catalog/product/3357/change/ HTTP/1.1" 200 96945
"GET /admin/jsi18n/ HTTP/1.1" 200 3343
"GET /catalog-product-nitecore-p27ix/ HTTP/1.1" 200 112646
"GET /static/js/components/productassociation.js?v=manualrelated3 HTTP/1.1" 304 0
"GET /static/images/products/main/IMG_7907.large.jpeg HTTP/1.1" 304 0
"GET /static/images/products/main/IMG_7907.thumbnail.jpeg HTTP/1.1" 304 0
"GET /static/images/brands/main/klarus.thumbnail.png HTTP/1.1" 404 6366
"GET /static/images/products/main/IMG_7907.super.jpeg HTTP/1.1" 304 0
"GET /static/images/brands/main/fol_xKs6i5L.thumbnail.jpg HTTP/1.1" 404 6386
"GET /static/images/products/main/Main_VqmYlJB.thumbnail.jpg HTTP/1.1" 404 6398
"GET /static/images/products/main/NB10000GEN3.thumbnail.jpg HTTP/1.1" 404 6394
/Users/wangmingye/Projects/flashlights/ecomstore/catalog/admin.py changed, reloading.
Watching for file changes with StatReloader
"GET /catalog-product-nitecore-p27ix/ HTTP/1.1" 200 112646
"GET /static/js/components/productassociation.js?v=manualrelated3 HTTP/1.1" 304 0
"GET /static/images/brands/main/fol_xKs6i5L.thumbnail.jpg HTTP/1.1" 404 6386
"GET /static/images/brands/main/klarus.thumbnail.png HTTP/1.1" 404 6366
"GET /static/images/products/main/NB10000GEN3.thumbnail.jpg HTTP/1.1" 404 6394
"GET /static/images/products/main/Main_VqmYlJB.thumbnail.jpg HTTP/1.1" 404 6398
Internal Server Error: /admin/catalog/product/3357/change/
Traceback (most recent call last):
  File "/Users/wangmingye/Projects/env/lib/python3.9/site-packages/django/db/models/options.py", line 672, in get_field
    return self.fields_map[field_name]
KeyError: 'accessory_group_links'

During handling of the above exception, another exception occurred:

Traceback (most recent call last):
  File "/Users/wangmingye/Projects/env/lib/python3.9/site-packages/django/contrib/admin/utils.py", line 271, in lookup_field
    f = _get_non_gfk_field(opts, name)
  File "/Users/wangmingye/Projects/env/lib/python3.9/site-packages/django/contrib/admin/utils.py", line 302, in _get_non_gfk_field
    field = opts.get_field(name)
  File "/Users/wangmingye/Projects/env/lib/python3.9/site-packages/django/db/models/options.py", line 674, in get_field
    raise FieldDoesNotExist(
django.core.exceptions.FieldDoesNotExist: Product has no field named 'accessory_group_links'

During handling of the above exception, another exception occurred:

Traceback (most recent call last):
  File "/Users/wangmingye/Projects/env/lib/python3.9/site-packages/django/core/handlers/exception.py", line 55, in inner
    response = get_response(request)
  File "/Users/wangmingye/Projects/env/lib/python3.9/site-packages/django/core/handlers/base.py", line 220, in _get_response
    response = response.render()
  File "/Users/wangmingye/Projects/env/lib/python3.9/site-packages/django/template/response.py", line 114, in render
    self.content = self.rendered_content
  File "/Users/wangmingye/Projects/env/lib/python3.9/site-packages/django/template/response.py", line 92, in rendered_content
    return template.render(context, self._request)
  File "/Users/wangmingye/Projects/env/lib/python3.9/site-packages/django/template/backends/django.py", line 62, in render
    return self.template.render(context)
  File "/Users/wangmingye/Projects/env/lib/python3.9/site-packages/django/template/base.py", line 175, in render
    return self._render(context)
  File "/Users/wangmingye/Projects/env/lib/python3.9/site-packages/django/template/base.py", line 167, in _render
    return self.nodelist.render(context)
  File "/Users/wangmingye/Projects/env/lib/python3.9/site-packages/django/template/base.py", line 1000, in render
    return SafeString("".join([node.render_annotated(context) for node in self]))
  File "/Users/wangmingye/Projects/env/lib/python3.9/site-packages/django/template/base.py", line 1000, in <listcomp>
    return SafeString("".join([node.render_annotated(context) for node in self]))
  File "/Users/wangmingye/Projects/env/lib/python3.9/site-packages/django/template/base.py", line 958, in render_annotated
    return self.render(context)
  File "/Users/wangmingye/Projects/env/lib/python3.9/site-packages/django/template/loader_tags.py", line 157, in render
    return compiled_parent._render(context)
  File "/Users/wangmingye/Projects/env/lib/python3.9/site-packages/django/template/base.py", line 167, in _render
    return self.nodelist.render(context)
  File "/Users/wangmingye/Projects/env/lib/python3.9/site-packages/django/template/base.py", line 1000, in render
    return SafeString("".join([node.render_annotated(context) for node in self]))
  File "/Users/wangmingye/Projects/env/lib/python3.9/site-packages/django/template/base.py", line 1000, in <listcomp>
    return SafeString("".join([node.render_annotated(context) for node in self]))
  File "/Users/wangmingye/Projects/env/lib/python3.9/site-packages/django/template/base.py", line 958, in render_annotated
    return self.render(context)
  File "/Users/wangmingye/Projects/env/lib/python3.9/site-packages/django/template/loader_tags.py", line 157, in render
    return compiled_parent._render(context)
  File "/Users/wangmingye/Projects/env/lib/python3.9/site-packages/django/template/base.py", line 167, in _render
    return self.nodelist.render(context)
  File "/Users/wangmingye/Projects/env/lib/python3.9/site-packages/django/template/base.py", line 1000, in render
    return SafeString("".join([node.render_annotated(context) for node in self]))
  File "/Users/wangmingye/Projects/env/lib/python3.9/site-packages/django/template/base.py", line 1000, in <listcomp>
    return SafeString("".join([node.render_annotated(context) for node in self]))
  File "/Users/wangmingye/Projects/env/lib/python3.9/site-packages/django/template/base.py", line 958, in render_annotated
    return self.render(context)
  File "/Users/wangmingye/Projects/env/lib/python3.9/site-packages/django/template/loader_tags.py", line 157, in render
    return compiled_parent._render(context)
  File "/Users/wangmingye/Projects/env/lib/python3.9/site-packages/django/template/base.py", line 167, in _render
    return self.nodelist.render(context)
  File "/Users/wangmingye/Projects/env/lib/python3.9/site-packages/django/template/base.py", line 1000, in render
    return SafeString("".join([node.render_annotated(context) for node in self]))
  File "/Users/wangmingye/Projects/env/lib/python3.9/site-packages/django/template/base.py", line 1000, in <listcomp>
    return SafeString("".join([node.render_annotated(context) for node in self]))
  File "/Users/wangmingye/Projects/env/lib/python3.9/site-packages/django/template/base.py", line 958, in render_annotated
    return self.render(context)
  File "/Users/wangmingye/Projects/env/lib/python3.9/site-packages/django/template/loader_tags.py", line 63, in render
    result = block.nodelist.render(context)
  File "/Users/wangmingye/Projects/env/lib/python3.9/site-packages/django/template/base.py", line 1000, in render
    return SafeString("".join([node.render_annotated(context) for node in self]))
  File "/Users/wangmingye/Projects/env/lib/python3.9/site-packages/django/template/base.py", line 1000, in <listcomp>
    return SafeString("".join([node.render_annotated(context) for node in self]))
  File "/Users/wangmingye/Projects/env/lib/python3.9/site-packages/django/template/base.py", line 958, in render_annotated
    return self.render(context)
  File "/Users/wangmingye/Projects/env/lib/python3.9/site-packages/django/template/loader_tags.py", line 63, in render
    result = block.nodelist.render(context)
  File "/Users/wangmingye/Projects/env/lib/python3.9/site-packages/django/template/base.py", line 1000, in render
    return SafeString("".join([node.render_annotated(context) for node in self]))
  File "/Users/wangmingye/Projects/env/lib/python3.9/site-packages/django/template/base.py", line 1000, in <listcomp>
    return SafeString("".join([node.render_annotated(context) for node in self]))
  File "/Users/wangmingye/Projects/env/lib/python3.9/site-packages/django/template/base.py", line 958, in render_annotated
    return self.render(context)
  File "/Users/wangmingye/Projects/env/lib/python3.9/site-packages/django/template/defaulttags.py", line 238, in render
    nodelist.append(node.render_annotated(context))
  File "/Users/wangmingye/Projects/env/lib/python3.9/site-packages/django/template/base.py", line 958, in render_annotated
    return self.render(context)
  File "/Users/wangmingye/Projects/env/lib/python3.9/site-packages/django/template/loader_tags.py", line 208, in render
    return template.render(context)
  File "/Users/wangmingye/Projects/env/lib/python3.9/site-packages/django/template/base.py", line 177, in render
    return self._render(context)
  File "/Users/wangmingye/Projects/env/lib/python3.9/site-packages/django/template/base.py", line 167, in _render
    return self.nodelist.render(context)
  File "/Users/wangmingye/Projects/env/lib/python3.9/site-packages/django/template/base.py", line 1000, in render
    return SafeString("".join([node.render_annotated(context) for node in self]))
  File "/Users/wangmingye/Projects/env/lib/python3.9/site-packages/django/template/base.py", line 1000, in <listcomp>
    return SafeString("".join([node.render_annotated(context) for node in self]))
  File "/Users/wangmingye/Projects/env/lib/python3.9/site-packages/django/template/base.py", line 958, in render_annotated
    return self.render(context)
  File "/Users/wangmingye/Projects/env/lib/python3.9/site-packages/django/template/defaulttags.py", line 238, in render
    nodelist.append(node.render_annotated(context))
  File "/Users/wangmingye/Projects/env/lib/python3.9/site-packages/django/template/base.py", line 958, in render_annotated
    return self.render(context)
  File "/Users/wangmingye/Projects/env/lib/python3.9/site-packages/django/template/defaulttags.py", line 238, in render
    nodelist.append(node.render_annotated(context))
  File "/Users/wangmingye/Projects/env/lib/python3.9/site-packages/django/template/base.py", line 958, in render_annotated
    return self.render(context)
  File "/Users/wangmingye/Projects/env/lib/python3.9/site-packages/django/template/defaulttags.py", line 322, in render
    return nodelist.render(context)
  File "/Users/wangmingye/Projects/env/lib/python3.9/site-packages/django/template/base.py", line 1000, in render
    return SafeString("".join([node.render_annotated(context) for node in self]))
  File "/Users/wangmingye/Projects/env/lib/python3.9/site-packages/django/template/base.py", line 1000, in <listcomp>
    return SafeString("".join([node.render_annotated(context) for node in self]))
  File "/Users/wangmingye/Projects/env/lib/python3.9/site-packages/django/template/base.py", line 958, in render_annotated
    return self.render(context)
  File "/Users/wangmingye/Projects/env/lib/python3.9/site-packages/django/template/defaulttags.py", line 322, in render
    return nodelist.render(context)
  File "/Users/wangmingye/Projects/env/lib/python3.9/site-packages/django/template/base.py", line 1000, in render
    return SafeString("".join([node.render_annotated(context) for node in self]))
  File "/Users/wangmingye/Projects/env/lib/python3.9/site-packages/django/template/base.py", line 1000, in <listcomp>
    return SafeString("".join([node.render_annotated(context) for node in self]))
  File "/Users/wangmingye/Projects/env/lib/python3.9/site-packages/django/template/base.py", line 958, in render_annotated
    return self.render(context)
  File "/Users/wangmingye/Projects/env/lib/python3.9/site-packages/django/template/base.py", line 1059, in render
    output = self.filter_expression.resolve(context)
  File "/Users/wangmingye/Projects/env/lib/python3.9/site-packages/django/template/base.py", line 712, in resolve
    obj = self.var.resolve(context)
  File "/Users/wangmingye/Projects/env/lib/python3.9/site-packages/django/template/base.py", line 842, in resolve
    value = self._resolve_lookup(context)
  File "/Users/wangmingye/Projects/env/lib/python3.9/site-packages/django/template/base.py", line 909, in _resolve_lookup
    current = current()
  File "/Users/wangmingye/Projects/env/lib/python3.9/site-packages/django/contrib/admin/helpers.py", line 265, in contents
    f, attr, value = lookup_field(field, obj, model_admin)
  File "/Users/wangmingye/Projects/env/lib/python3.9/site-packages/django/contrib/admin/utils.py", line 280, in lookup_field
    value = attr(obj)
  File "/Users/wangmingye/Projects/flashlights/ecomstore/catalog/admin.py", line 346, in accessory_group_links
    return mark_safe(''.join(parts))
NameError: name 'mark_safe' is not defined
"GET /admin/catalog/product/3357/change/ HTTP/1.1" 500 746765
/Users/wangmingye/Projects/flashlights/ecomstore/catalog/admin.py changed, reloading.
Watching for file changes with StatReloader
"GET /admin/catalog/product/3357/change/ HTTP/1.1" 200 96604
"GET /admin/jsi18n/ HTTP/1.1" 200 3343
"GET /admin/catalog/accessory_product/?products__id__exact=3357 HTTP/1.1" 200 47235
"GET /admin/jsi18n/ HTTP/1.1" 200 3343
"GET /admin/catalog/accessory_product/32/change/?_changelist_filters=products__id__exact%3D3357 HTTP/1.1" 200 390737
"GET /admin/jsi18n/ HTTP/1.1" 200 3343
"GET /catalog-product-nitecore-p27ix/ HTTP/1.1" 200 112646
"GET /static/images/brands/main/klarus.thumbnail.png HTTP/1.1" 404 6366
"GET /static/images/products/main/NB10000GEN3.thumbnail.jpg HTTP/1.1" 404 6394
"GET /static/images/brands/main/fol_xKs6i5L.thumbnail.jpg HTTP/1.1" 404 6386
"GET /static/images/products/main/Main_VqmYlJB.thumbnail.jpg HTTP/1.1" 404 6398
"GET /admin/catalog/ HTTP/1.1" 200 49645
"GET /admin/catalog/product/ HTTP/1.1" 200 335121
"GET /admin/jsi18n/ HTTP/1.1" 200 3343
"GET /admin/catalog/product/3357/change/ HTTP/1.1" 200 96604
"GET /admin/jsi18n/ HTTP/1.1" 200 3343
Watching for file changes with StatReloader
Watching for file changes with StatReloader
Watching for file changes with StatReloader
"GET /admin/auth/user/ HTTP/1.1" 200 90821
"GET /admin_files/admin/img/icon-no.svg HTTP/1.1" 200 560
"GET /admin/jsi18n/ HTTP/1.1" 200 3343
Internal Server Error: /admin/inventorymanagement/product/
Traceback (most recent call last):
  File "/Users/wangmingye/Projects/env/lib/python3.9/site-packages/django/db/backends/utils.py", line 89, in _execute
    return self.cursor.execute(sql, params)
  File "/Users/wangmingye/Projects/env/lib/python3.9/site-packages/django/db/backends/mysql/base.py", line 75, in execute
    return self.cursor.execute(query, args)
  File "/Users/wangmingye/Projects/env/lib/python3.9/site-packages/MySQLdb/cursors.py", line 206, in execute
    res = self._query(query)
  File "/Users/wangmingye/Projects/env/lib/python3.9/site-packages/MySQLdb/cursors.py", line 319, in _query
    db.query(q)
  File "/Users/wangmingye/Projects/env/lib/python3.9/site-packages/MySQLdb/connections.py", line 254, in query
    _mysql.connection.query(self, query)
MySQLdb.ProgrammingError: (1146, "Table 'flashlights.heartwoodflooring_finishingtype' doesn't exist")

The above exception was the direct cause of the following exception:

Traceback (most recent call last):
  File "/Users/wangmingye/Projects/env/lib/python3.9/site-packages/django/core/handlers/exception.py", line 55, in inner
    response = get_response(request)
  File "/Users/wangmingye/Projects/env/lib/python3.9/site-packages/django/core/handlers/base.py", line 197, in _get_response
    response = wrapped_callback(request, *callback_args, **callback_kwargs)
  File "/Users/wangmingye/Projects/env/lib/python3.9/site-packages/django/contrib/admin/options.py", line 683, in wrapper
    return self.admin_site.admin_view(view)(*args, **kwargs)
  File "/Users/wangmingye/Projects/env/lib/python3.9/site-packages/django/utils/decorators.py", line 133, in _wrapped_view
    response = view_func(request, *args, **kwargs)
  File "/Users/wangmingye/Projects/env/lib/python3.9/site-packages/django/views/decorators/cache.py", line 62, in _wrapped_view_func
    response = view_func(request, *args, **kwargs)
  File "/Users/wangmingye/Projects/env/lib/python3.9/site-packages/django/contrib/admin/sites.py", line 242, in inner
    return view(request, *args, **kwargs)
  File "/Users/wangmingye/Projects/env/lib/python3.9/site-packages/django/utils/decorators.py", line 46, in _wrapper
    return bound_method(*args, **kwargs)
  File "/Users/wangmingye/Projects/env/lib/python3.9/site-packages/django/utils/decorators.py", line 133, in _wrapped_view
    response = view_func(request, *args, **kwargs)
  File "/Users/wangmingye/Projects/env/lib/python3.9/site-packages/django/contrib/admin/options.py", line 1926, in changelist_view
    cl = self.get_changelist_instance(request)
  File "/Users/wangmingye/Projects/env/lib/python3.9/site-packages/django/contrib/admin/options.py", line 831, in get_changelist_instance
    return ChangeList(
  File "/Users/wangmingye/Projects/env/lib/python3.9/site-packages/django/contrib/admin/views/main.py", line 122, in __init__
    self.queryset = self.get_queryset(request)
  File "/Users/wangmingye/Projects/env/lib/python3.9/site-packages/django/contrib/admin/views/main.py", line 503, in get_queryset
    ) = self.get_filters(request)
  File "/Users/wangmingye/Projects/env/lib/python3.9/site-packages/django/contrib/admin/views/main.py", line 182, in get_filters
    spec = field_list_filter_class(
  File "/Users/wangmingye/Projects/env/lib/python3.9/site-packages/django/contrib/admin/filters.py", line 172, in create
    return list_filter_class(
  File "/Users/wangmingye/Projects/env/lib/python3.9/site-packages/django/contrib/admin/filters.py", line 185, in __init__
    self.lookup_choices = self.field_choices(field, request, model_admin)
  File "/Users/wangmingye/Projects/env/lib/python3.9/site-packages/django/contrib/admin/filters.py", line 222, in field_choices
    return field.get_choices(include_blank=False, ordering=ordering)
  File "/Users/wangmingye/Projects/env/lib/python3.9/site-packages/django/db/models/fields/__init__.py", line 965, in get_choices
    return (blank_choice if include_blank else []) + [
  File "/Users/wangmingye/Projects/env/lib/python3.9/site-packages/django/db/models/query.py", line 320, in __iter__
    self._fetch_all()
  File "/Users/wangmingye/Projects/env/lib/python3.9/site-packages/django/db/models/query.py", line 1507, in _fetch_all
    self._result_cache = list(self._iterable_class(self))
  File "/Users/wangmingye/Projects/env/lib/python3.9/site-packages/django/db/models/query.py", line 57, in __iter__
    results = compiler.execute_sql(
  File "/Users/wangmingye/Projects/env/lib/python3.9/site-packages/django/db/models/sql/compiler.py", line 1361, in execute_sql
    cursor.execute(sql, params)
  File "/Users/wangmingye/Projects/env/lib/python3.9/site-packages/django/db/backends/utils.py", line 103, in execute
    return super().execute(sql, params)
  File "/Users/wangmingye/Projects/env/lib/python3.9/site-packages/django/db/backends/utils.py", line 67, in execute
    return self._execute_with_wrappers(
  File "/Users/wangmingye/Projects/env/lib/python3.9/site-packages/django/db/backends/utils.py", line 80, in _execute_with_wrappers
    return executor(sql, params, many, context)
  File "/Users/wangmingye/Projects/env/lib/python3.9/site-packages/django/db/backends/utils.py", line 89, in _execute
    return self.cursor.execute(sql, params)
  File "/Users/wangmingye/Projects/env/lib/python3.9/site-packages/django/db/utils.py", line 91, in __exit__
    raise dj_exc_value.with_traceback(traceback) from exc_value
  File "/Users/wangmingye/Projects/env/lib/python3.9/site-packages/django/db/backends/utils.py", line 89, in _execute
    return self.cursor.execute(sql, params)
  File "/Users/wangmingye/Projects/env/lib/python3.9/site-packages/django/db/backends/mysql/base.py", line 75, in execute
    return self.cursor.execute(query, args)
  File "/Users/wangmingye/Projects/env/lib/python3.9/site-packages/MySQLdb/cursors.py", line 206, in execute
    res = self._query(query)
  File "/Users/wangmingye/Projects/env/lib/python3.9/site-packages/MySQLdb/cursors.py", line 319, in _query
    db.query(q)
  File "/Users/wangmingye/Projects/env/lib/python3.9/site-packages/MySQLdb/connections.py", line 254, in query
    _mysql.connection.query(self, query)
django.db.utils.ProgrammingError: (1146, "Table 'flashlights.heartwoodflooring_finishingtype' doesn't exist")
"GET /admin/inventorymanagement/product/ HTTP/1.1" 500 248087
"GET /admin/accounting/taxdue/ HTTP/1.1" 200 51933
"GET /admin/jsi18n/ HTTP/1.1" 200 3343
"GET / HTTP/1.1" 200 115935
"GET /static/images/misc/banner15.banner.png HTTP/1.1" 404 6334
"GET /static/images/misc/banner15_82HKBmE.banner.png HTTP/1.1" 404 6366
"GET /static/images/misc/FL-NITE-NU33-PP-2_y4OJvZb.banner.jpeg HTTP/1.1" 404 6406
"GET /static/images/misc/FL-NITE-NU33-PP-2.banner.jpeg HTTP/1.1" 404 6374
"GET /static/images/misc/Nitecore_banner.banner.jpg HTTP/1.1" 404 6362
"GET /static/images/misc/P20iX.banner.png HTTP/1.1" 404 6322
"GET /static/images/misc/Charger_Batteries.banner.jpg HTTP/1.1" 404 6370
"GET /static/images/misc/TINI2-SS-15th-mkt1.banner.jpeg HTTP/1.1" 404 6378
"GET /static/images/misc/CLEARANCE_DEAL_TUES_AUG_22_-_Andrew-Amanda.COM_ckJztF2.banner.png HTTP/1.1" 404 6518
"GET /static/images/misc/Deal_of_the_Day_Thursday_8.25_aD6tdCN.banner.png HTTP/1.1" 404 6450
"GET /static/images/misc/NItecore_UT05_YBq71EM.banner.png HTTP/1.1" 404 6386
"GET /static/images/siteImg/facebook_icon_new.png HTTP/1.1" 404 6354
"GET /static/images/brands/main/klarus.thumbnail.png HTTP/1.1" 404 6366
"GET /static/images/siteImg/MakeAnOffer.jpg HTTP/1.1" 404 6330
"GET /static/images/siteImg/social-Instagram-Icon.png HTTP/1.1" 404 6370
"GET /static/images/siteImg/banner.jpg HTTP/1.1" 404 6310
"GET /static/images/siteImg/checkout-icon.jpg HTTP/1.1" 404 6338
"GET /static/images/departments/main/Lab_ucuP2RA.large.png HTTP/1.1" 404 6390
"GET /static/images/departments/main/chargers.large.png HTTP/1.1" 404 6378
"GET /static/images/departments/main/scope.large.png HTTP/1.1" 404 6366
"GET /static/images/departments/main/lights.large.png HTTP/1.1" 404 6370
"GET /static/images/brands/main/fol_xKs6i5L.thumbnail.jpg HTTP/1.1" 404 6386
"GET /static/images/siteImg/newsletter-icon-e1480902772716.jpeg HTTP/1.1" 404 6410
"GET /static/base/desktop/img/header-6.0/header-images.png HTTP/1.1" 404 6390
"GET /static/images/misc/banner15_82HKBmE.banner.png HTTP/1.1" 404 6366
"GET /static/images/misc/banner15_82HKBmE.banner.png HTTP/1.1" 404 6366
"GET /static/images/misc/P20iX.banner.png HTTP/1.1" 404 6322
"GET /catalog-product-Acebeam-M2-X-6500K/ HTTP/1.1" 200 122222
"GET /static/images/products/main/M2-X-main.large.jpg HTTP/1.1" 404 6370
"GET /static/js/yui/yahoo.js HTTP/1.1" 200 30155
"GET /static/js/yui/tabview.js HTTP/1.1" 200 34675
"GET /static/js/yui/element-beta.js HTTP/1.1" 200 28676
"GET /static/js/yui/dom.js HTTP/1.1" 200 47353
"GET /static/js/yui/event.js HTTP/1.1" 200 80975
"GET /static/images/siteImg/checkout-icon.jpg HTTP/1.1" 404 6338
"GET /static/images/brands/main/klarus.thumbnail.png HTTP/1.1" 404 6366
"GET /static/images/siteImg/newsletter-icon-e1480902772716.jpeg HTTP/1.1" 404 6410
"GET /static/images/brands/main/fol_xKs6i5L.thumbnail.jpg HTTP/1.1" 404 6386
"GET /static/images/products/main/M2-X-05.super.jpeg HTTP/1.1" 404 6366
"GET /static/images/products/main/M2-X-main.large.jpg HTTP/1.1" 404 6370
"GET /static/images/products/main/M2-X-04.super.jpeg HTTP/1.1" 404 6366
"GET /static/images/products/main/M2-X-main.super.jpg HTTP/1.1" 404 6370
"GET /static/images/products/main/M2-X-02.super.jpeg HTTP/1.1" 404 6366
"GET /static/images/products/main/M2-X-01.super.jpeg HTTP/1.1" 404 6366
"GET /static/images/products/main/M2-X-06.super.jpeg HTTP/1.1" 404 6366
"GET /static/images/products/main/M2-X-08.super.jpeg HTTP/1.1" 404 6366
"GET /static/images/products/main/M2-X-14.super.jpeg HTTP/1.1" 404 6366
"GET /static/images/products/main/0082430_terminator-m2-x-with-rgb.super.jpeg HTTP/1.1" 404 6466
"GET /static/images/products/main/M2-X-10_dfza8n6.super.gif HTTP/1.1" 404 6394
"GET /static/images/products/main/M2-X-04.large.jpeg HTTP/1.1" 404 6366
"GET /static/images/products/main/M2-X-01.large.jpeg HTTP/1.1" 404 6366
"GET /static/images/products/main/M2-X-10_dfza8n6.thumbnail.gif HTTP/1.1" 404 6410
"GET /static/images/products/main/0082431_terminator-m2-x-with-rgb.super.jpeg HTTP/1.1" 404 6466
"GET /static/images/products/main/M2-X-05.large.jpeg HTTP/1.1" 404 6366
"GET /static/images/products/main/M2-X-06.large.jpeg HTTP/1.1" 404 6366
"GET /static/images/products/main/M2-X-14.large.jpeg HTTP/1.1" 404 6366
"GET /static/images/products/main/M2-X-02.large.jpeg HTTP/1.1" 404 6366
"GET /static/images/products/main/M2-X-08.large.jpeg HTTP/1.1" 404 6366
"GET /static/images/products/main/0082431_terminator-m2-x-with-rgb.large.jpeg HTTP/1.1" 404 6466
"GET /static/images/products/main/M2-X-10_dfza8n6.large.gif HTTP/1.1" 404 6394
"GET /static/images/products/main/M2-X-05.super.jpeg HTTP/1.1" 404 6366
"GET /static/images/products/main/M2-X-04.super.jpeg HTTP/1.1" 404 6366
"GET /static/images/products/main/M2-X-main.large.jpg HTTP/1.1" 404 6370
"GET /static/images/products/main/M2-X-02.super.jpeg HTTP/1.1" 404 6366
"GET /static/images/products/main/M2-X-01.super.jpeg HTTP/1.1" 404 6366
"GET /static/images/products/main/0082430_terminator-m2-x-with-rgb.super.jpeg HTTP/1.1" 404 6466
"GET /static/images/products/main/0082431_terminator-m2-x-with-rgb.super.jpeg HTTP/1.1" 404 6466
"GET /static/images/products/main/M2-X-06.super.jpeg HTTP/1.1" 404 6366
"GET /static/images/products/main/M2-X-main.super.jpg HTTP/1.1" 404 6370
"GET /static/images/products/main/M2-X-08.super.jpeg HTTP/1.1" 404 6366
"GET /static/images/products/main/M2-X-14.super.jpeg HTTP/1.1" 404 6366
"GET /static/images/products/main/M2-X-10_dfza8n6.super.gif HTTP/1.1" 404 6394
"GET /static/images/misc/P20iX.banner.png HTTP/1.1" 404 6322
"GET /static/images/misc/P20iX.banner.png HTTP/1.1" 404 6322
"GET /static/images/misc/FL-NITE-NU33-PP-2_y4OJvZb.banner.jpeg HTTP/1.1" 404 6406
"GET /static/images/misc/FL-NITE-NU33-PP-2.banner.jpeg HTTP/1.1" 404 6374
"GET /static/images/misc/FL-NITE-NU33-PP-2_y4OJvZb.banner.jpeg HTTP/1.1" 404 6406
"GET /static/images/misc/FL-NITE-NU33-PP-2.banner.jpeg HTTP/1.1" 404 6374
"GET /static/images/misc/FL-NITE-NU33-PP-2.banner.jpeg HTTP/1.1" 404 6374
"GET /static/images/misc/Nitecore_banner.banner.jpg HTTP/1.1" 404 6362
"GET /static/images/misc/Nitecore_banner.banner.jpg HTTP/1.1" 404 6362
"GET /static/images/misc/banner15.banner.png HTTP/1.1" 404 6334
"GET /static/images/misc/Nitecore_banner.banner.jpg HTTP/1.1" 404 6362
"GET /static/images/misc/banner15.banner.png HTTP/1.1" 404 6334
"GET /static/images/misc/TINI2-SS-15th-mkt1.banner.jpeg HTTP/1.1" 404 6378
"GET /static/images/misc/banner15.banner.png HTTP/1.1" 404 6334
"GET /static/images/misc/TINI2-SS-15th-mkt1.banner.jpeg HTTP/1.1" 404 6378
"GET /static/images/misc/TINI2-SS-15th-mkt1.banner.jpeg HTTP/1.1" 404 6378
"GET /static/images/misc/NItecore_UT05_YBq71EM.banner.png HTTP/1.1" 404 6386
"GET /static/images/misc/NItecore_UT05_YBq71EM.banner.png HTTP/1.1" 404 6386
"GET /static/images/misc/NItecore_UT05_YBq71EM.banner.png HTTP/1.1" 404 6386
"GET /static/images/misc/Charger_Batteries.banner.jpg HTTP/1.1" 404 6370
"GET /static/images/misc/Charger_Batteries.banner.jpg HTTP/1.1" 404 6370
"GET /static/images/misc/Deal_of_the_Day_Thursday_8.25_aD6tdCN.banner.png HTTP/1.1" 404 6450
"GET /static/images/misc/Deal_of_the_Day_Thursday_8.25_aD6tdCN.banner.png HTTP/1.1" 404 6450
"GET /static/images/misc/Deal_of_the_Day_Thursday_8.25_aD6tdCN.banner.png HTTP/1.1" 404 6450
"GET /static/images/misc/CLEARANCE_DEAL_TUES_AUG_22_-_Andrew-Amanda.COM_ckJztF2.banner.png HTTP/1.1" 404 6518
"GET /static/images/misc/CLEARANCE_DEAL_TUES_AUG_22_-_Andrew-Amanda.COM_ckJztF2.banner.png HTTP/1.1" 404 6518
"GET /static/images/misc/banner15_82HKBmE.banner.png HTTP/1.1" 404 6366
"GET /static/images/misc/CLEARANCE_DEAL_TUES_AUG_22_-_Andrew-Amanda.COM_ckJztF2.banner.png HTTP/1.1" 404 6518
"GET /static/images/misc/banner15_82HKBmE.banner.png HTTP/1.1" 404 6366
"GET /static/images/misc/banner15_82HKBmE.banner.png HTTP/1.1" 404 6366
"GET /static/images/misc/P20iX.banner.png HTTP/1.1" 404 6322
"GET /static/images/misc/P20iX.banner.png HTTP/1.1" 404 6322
"GET /static/images/misc/P20iX.banner.png HTTP/1.1" 404 6322
"GET /static/images/misc/FL-NITE-NU33-PP-2_y4OJvZb.banner.jpeg HTTP/1.1" 404 6406
"GET /static/images/misc/FL-NITE-NU33-PP-2_y4OJvZb.banner.jpeg HTTP/1.1" 404 6406
"GET /static/images/misc/FL-NITE-NU33-PP-2.banner.jpeg HTTP/1.1" 404 6374
"GET /static/images/misc/FL-NITE-NU33-PP-2.banner.jpeg HTTP/1.1" 404 6374
"GET /static/images/misc/Nitecore_banner.banner.jpg HTTP/1.1" 404 6362
"GET /static/images/misc/FL-NITE-NU33-PP-2.banner.jpeg HTTP/1.1" 404 6374
"GET /static/images/misc/Nitecore_banner.banner.jpg HTTP/1.1" 404 6362
"GET /static/images/misc/Nitecore_banner.banner.jpg HTTP/1.1" 404 6362
"GET /static/images/misc/banner15.banner.png HTTP/1.1" 404 6334
"GET /static/images/misc/banner15.banner.png HTTP/1.1" 404 6334
"GET /static/images/misc/banner15.banner.png HTTP/1.1" 404 6334
"GET /static/images/misc/TINI2-SS-15th-mkt1.banner.jpeg HTTP/1.1" 404 6378
"GET /static/images/misc/TINI2-SS-15th-mkt1.banner.jpeg HTTP/1.1" 404 6378
"GET /static/images/misc/TINI2-SS-15th-mkt1.banner.jpeg HTTP/1.1" 404 6378
"GET /static/images/misc/NItecore_UT05_YBq71EM.banner.png HTTP/1.1" 404 6386
"GET /static/images/misc/NItecore_UT05_YBq71EM.banner.png HTTP/1.1" 404 6386
"GET /static/images/misc/Charger_Batteries.banner.jpg HTTP/1.1" 404 6370
"GET /static/images/misc/NItecore_UT05_YBq71EM.banner.png HTTP/1.1" 404 6386
"GET /static/images/misc/Charger_Batteries.banner.jpg HTTP/1.1" 404 6370
"GET /static/images/misc/Charger_Batteries.banner.jpg HTTP/1.1" 404 6370
"GET /static/images/misc/Deal_of_the_Day_Thursday_8.25_aD6tdCN.banner.png HTTP/1.1" 404 6450
"GET /static/images/misc/CLEARANCE_DEAL_TUES_AUG_22_-_Andrew-Amanda.COM_ckJztF2.banner.png HTTP/1.1" 404 6518
"GET /static/images/misc/Deal_of_the_Day_Thursday_8.25_aD6tdCN.banner.png HTTP/1.1" 404 6450
"GET /static/images/misc/banner15_82HKBmE.banner.png HTTP/1.1" 404 6366
"GET /static/images/misc/CLEARANCE_DEAL_TUES_AUG_22_-_Andrew-Amanda.COM_ckJztF2.banner.png HTTP/1.1" 404 6518
"GET /static/images/misc/banner15_82HKBmE.banner.png HTTP/1.1" 404 6366
"GET /static/images/misc/P20iX.banner.png HTTP/1.1" 404 6322
"GET /static/images/misc/P20iX.banner.png HTTP/1.1" 404 6322
"GET /static/images/misc/FL-NITE-NU33-PP-2_y4OJvZb.banner.jpeg HTTP/1.1" 404 6406
"GET /static/images/misc/FL-NITE-NU33-PP-2_y4OJvZb.banner.jpeg HTTP/1.1" 404 6406
"GET /static/images/misc/FL-NITE-NU33-PP-2.banner.jpeg HTTP/1.1" 404 6374
"GET /static/images/misc/FL-NITE-NU33-PP-2.banner.jpeg HTTP/1.1" 404 6374
"GET /static/images/misc/Nitecore_banner.banner.jpg HTTP/1.1" 404 6362
"GET /static/images/misc/Nitecore_banner.banner.jpg HTTP/1.1" 404 6362
"GET /static/images/misc/banner15.banner.png HTTP/1.1" 404 6334
"GET /static/images/misc/TINI2-SS-15th-mkt1.banner.jpeg HTTP/1.1" 404 6378
"GET /static/images/misc/banner15.banner.png HTTP/1.1" 404 6334
"GET /static/images/misc/TINI2-SS-15th-mkt1.banner.jpeg HTTP/1.1" 404 6378
"GET /static/images/misc/NItecore_UT05_YBq71EM.banner.png HTTP/1.1" 404 6386
"GET /static/images/misc/NItecore_UT05_YBq71EM.banner.png HTTP/1.1" 404 6386
"GET /static/images/misc/Charger_Batteries.banner.jpg HTTP/1.1" 404 6370
"GET /static/images/misc/Charger_Batteries.banner.jpg HTTP/1.1" 404 6370
"GET /static/images/misc/Deal_of_the_Day_Thursday_8.25_aD6tdCN.banner.png HTTP/1.1" 404 6450
"GET /static/images/misc/CLEARANCE_DEAL_TUES_AUG_22_-_Andrew-Amanda.COM_ckJztF2.banner.png HTTP/1.1" 404 6518
"GET /static/images/misc/Deal_of_the_Day_Thursday_8.25_aD6tdCN.banner.png HTTP/1.1" 404 6450
"GET /static/images/misc/CLEARANCE_DEAL_TUES_AUG_22_-_Andrew-Amanda.COM_ckJztF2.banner.png HTTP/1.1" 404 6518
"GET /static/images/misc/banner15_82HKBmE.banner.png HTTP/1.1" 404 6366
"GET /static/images/misc/banner15_82HKBmE.banner.png HTTP/1.1" 404 6366
"GET /static/images/misc/P20iX.banner.png HTTP/1.1" 404 6322
"GET /static/images/misc/P20iX.banner.png HTTP/1.1" 404 6322
"GET /static/images/misc/FL-NITE-NU33-PP-2_y4OJvZb.banner.jpeg HTTP/1.1" 404 6406
"GET /static/images/misc/FL-NITE-NU33-PP-2_y4OJvZb.banner.jpeg HTTP/1.1" 404 6406
"GET /static/images/misc/FL-NITE-NU33-PP-2.banner.jpeg HTTP/1.1" 404 6374
"GET /static/images/misc/Nitecore_banner.banner.jpg HTTP/1.1" 404 6362
"GET /static/images/misc/FL-NITE-NU33-PP-2.banner.jpeg HTTP/1.1" 404 6374
"GET /static/images/misc/Nitecore_banner.banner.jpg HTTP/1.1" 404 6362
"GET /static/images/misc/banner15.banner.png HTTP/1.1" 404 6334
"GET /static/images/misc/banner15.banner.png HTTP/1.1" 404 6334
"GET /static/images/misc/TINI2-SS-15th-mkt1.banner.jpeg HTTP/1.1" 404 6378
"GET /static/images/misc/TINI2-SS-15th-mkt1.banner.jpeg HTTP/1.1" 404 6378
"GET /static/images/misc/NItecore_UT05_YBq71EM.banner.png HTTP/1.1" 404 6386
"GET /static/images/misc/NItecore_UT05_YBq71EM.banner.png HTTP/1.1" 404 6386
"GET /static/images/misc/Charger_Batteries.banner.jpg HTTP/1.1" 404 6370
"GET /static/images/misc/Deal_of_the_Day_Thursday_8.25_aD6tdCN.banner.png HTTP/1.1" 404 6450
"GET /static/images/misc/Charger_Batteries.banner.jpg HTTP/1.1" 404 6370
"GET /static/images/misc/Deal_of_the_Day_Thursday_8.25_aD6tdCN.banner.png HTTP/1.1" 404 6450
"GET /static/images/misc/CLEARANCE_DEAL_TUES_AUG_22_-_Andrew-Amanda.COM_ckJztF2.banner.png HTTP/1.1" 404 6518
"GET /static/images/misc/banner15_82HKBmE.banner.png HTTP/1.1" 404 6366
"GET /static/images/misc/CLEARANCE_DEAL_TUES_AUG_22_-_Andrew-Amanda.COM_ckJztF2.banner.png HTTP/1.1" 404 6518
"GET /static/images/misc/P20iX.banner.png HTTP/1.1" 404 6322
"GET /static/images/misc/banner15_82HKBmE.banner.png HTTP/1.1" 404 6366
"GET /static/images/misc/P20iX.banner.png HTTP/1.1" 404 6322
"GET /static/images/misc/FL-NITE-NU33-PP-2_y4OJvZb.banner.jpeg HTTP/1.1" 404 6406
"GET /static/images/misc/FL-NITE-NU33-PP-2.banner.jpeg HTTP/1.1" 404 6374
"GET /static/images/misc/FL-NITE-NU33-PP-2_y4OJvZb.banner.jpeg HTTP/1.1" 404 6406
"GET /static/images/misc/Nitecore_banner.banner.jpg HTTP/1.1" 404 6362
"GET /static/images/misc/FL-NITE-NU33-PP-2.banner.jpeg HTTP/1.1" 404 6374
"GET /static/images/misc/banner15.banner.png HTTP/1.1" 404 6334
"GET /static/images/misc/Nitecore_banner.banner.jpg HTTP/1.1" 404 6362
"GET /static/images/misc/banner15.banner.png HTTP/1.1" 404 6334
"GET /static/images/misc/TINI2-SS-15th-mkt1.banner.jpeg HTTP/1.1" 404 6378
"GET /static/images/misc/TINI2-SS-15th-mkt1.banner.jpeg HTTP/1.1" 404 6378
"GET /static/images/misc/NItecore_UT05_YBq71EM.banner.png HTTP/1.1" 404 6386
"GET /static/images/misc/Charger_Batteries.banner.jpg HTTP/1.1" 404 6370
"GET /static/images/misc/NItecore_UT05_YBq71EM.banner.png HTTP/1.1" 404 6386
"GET /static/images/misc/Deal_of_the_Day_Thursday_8.25_aD6tdCN.banner.png HTTP/1.1" 404 6450
"GET /static/images/misc/Charger_Batteries.banner.jpg HTTP/1.1" 404 6370
"GET /static/images/misc/Deal_of_the_Day_Thursday_8.25_aD6tdCN.banner.png HTTP/1.1" 404 6450
"GET /static/images/misc/CLEARANCE_DEAL_TUES_AUG_22_-_Andrew-Amanda.COM_ckJztF2.banner.png HTTP/1.1" 404 6518
"GET /static/images/misc/CLEARANCE_DEAL_TUES_AUG_22_-_Andrew-Amanda.COM_ckJztF2.banner.png HTTP/1.1" 404 6518
"GET /static/images/misc/banner15_82HKBmE.banner.png HTTP/1.1" 404 6366
"GET /static/images/misc/banner15_82HKBmE.banner.png HTTP/1.1" 404 6366
"GET /static/images/misc/P20iX.banner.png HTTP/1.1" 404 6322
"GET /static/images/misc/P20iX.banner.png HTTP/1.1" 404 6322
"GET /static/images/misc/FL-NITE-NU33-PP-2_y4OJvZb.banner.jpeg HTTP/1.1" 404 6406
"GET /static/images/misc/FL-NITE-NU33-PP-2.banner.jpeg HTTP/1.1" 404 6374
"GET /static/images/misc/FL-NITE-NU33-PP-2_y4OJvZb.banner.jpeg HTTP/1.1" 404 6406
"GET /static/images/misc/FL-NITE-NU33-PP-2.banner.jpeg HTTP/1.1" 404 6374
"GET /static/images/misc/Nitecore_banner.banner.jpg HTTP/1.1" 404 6362
"GET /static/images/misc/Nitecore_banner.banner.jpg HTTP/1.1" 404 6362
"GET /static/images/misc/banner15.banner.png HTTP/1.1" 404 6334
"GET /static/images/misc/banner15.banner.png HTTP/1.1" 404 6334
"GET /static/images/misc/TINI2-SS-15th-mkt1.banner.jpeg HTTP/1.1" 404 6378
"GET /static/images/misc/TINI2-SS-15th-mkt1.banner.jpeg HTTP/1.1" 404 6378
"GET /static/images/misc/NItecore_UT05_YBq71EM.banner.png HTTP/1.1" 404 6386
"GET /static/images/misc/NItecore_UT05_YBq71EM.banner.png HTTP/1.1" 404 6386
"GET /static/images/misc/Charger_Batteries.banner.jpg HTTP/1.1" 404 6370
"GET /static/images/misc/Charger_Batteries.banner.jpg HTTP/1.1" 404 6370
"GET /static/images/misc/Deal_of_the_Day_Thursday_8.25_aD6tdCN.banner.png HTTP/1.1" 404 6450
"GET /static/images/misc/Deal_of_the_Day_Thursday_8.25_aD6tdCN.banner.png HTTP/1.1" 404 6450
"GET /static/images/misc/CLEARANCE_DEAL_TUES_AUG_22_-_Andrew-Amanda.COM_ckJztF2.banner.png HTTP/1.1" 404 6518
"GET /static/images/misc/CLEARANCE_DEAL_TUES_AUG_22_-_Andrew-Amanda.COM_ckJztF2.banner.png HTTP/1.1" 404 6518
"GET /static/images/misc/banner15_82HKBmE.banner.png HTTP/1.1" 404 6366
"GET /static/images/misc/banner15_82HKBmE.banner.png HTTP/1.1" 404 6366
"GET /static/images/misc/P20iX.banner.png HTTP/1.1" 404 6322
"GET /static/images/misc/P20iX.banner.png HTTP/1.1" 404 6322
"GET /static/images/misc/FL-NITE-NU33-PP-2_y4OJvZb.banner.jpeg HTTP/1.1" 404 6406
"GET /static/images/misc/FL-NITE-NU33-PP-2_y4OJvZb.banner.jpeg HTTP/1.1" 404 6406
"GET /static/images/misc/FL-NITE-NU33-PP-2.banner.jpeg HTTP/1.1" 404 6374
"GET /static/images/misc/FL-NITE-NU33-PP-2.banner.jpeg HTTP/1.1" 404 6374
"GET /static/images/misc/Nitecore_banner.banner.jpg HTTP/1.1" 404 6362
"GET /static/images/misc/Nitecore_banner.banner.jpg HTTP/1.1" 404 6362
"GET /static/images/misc/banner15.banner.png HTTP/1.1" 404 6334
"GET /static/images/misc/banner15.banner.png HTTP/1.1" 404 6334
"GET /static/images/misc/TINI2-SS-15th-mkt1.banner.jpeg HTTP/1.1" 404 6378
"GET /static/images/misc/TINI2-SS-15th-mkt1.banner.jpeg HTTP/1.1" 404 6378
"GET /static/images/misc/NItecore_UT05_YBq71EM.banner.png HTTP/1.1" 404 6386
"GET /static/images/misc/NItecore_UT05_YBq71EM.banner.png HTTP/1.1" 404 6386
"GET /static/images/misc/Charger_Batteries.banner.jpg HTTP/1.1" 404 6370
"GET /static/images/misc/Charger_Batteries.banner.jpg HTTP/1.1" 404 6370
"GET /static/images/misc/Deal_of_the_Day_Thursday_8.25_aD6tdCN.banner.png HTTP/1.1" 404 6450
"GET /static/images/misc/Deal_of_the_Day_Thursday_8.25_aD6tdCN.banner.png HTTP/1.1" 404 6450
"GET /static/images/misc/CLEARANCE_DEAL_TUES_AUG_22_-_Andrew-Amanda.COM_ckJztF2.banner.png HTTP/1.1" 404 6518
"GET /static/images/misc/CLEARANCE_DEAL_TUES_AUG_22_-_Andrew-Amanda.COM_ckJztF2.banner.png HTTP/1.1" 404 6518
"GET /static/images/misc/banner15_82HKBmE.banner.png HTTP/1.1" 404 6366
"GET /static/images/misc/banner15_82HKBmE.banner.png HTTP/1.1" 404 6366
"GET /static/images/misc/P20iX.banner.png HTTP/1.1" 404 6322
"GET /static/images/misc/FL-NITE-NU33-PP-2_y4OJvZb.banner.jpeg HTTP/1.1" 404 6406
"GET /static/images/misc/P20iX.banner.png HTTP/1.1" 404 6322
"GET /static/images/misc/FL-NITE-NU33-PP-2_y4OJvZb.banner.jpeg HTTP/1.1" 404 6406
"GET /static/images/misc/FL-NITE-NU33-PP-2.banner.jpeg HTTP/1.1" 404 6374
"GET /static/images/misc/Nitecore_banner.banner.jpg HTTP/1.1" 404 6362
"GET /static/images/misc/FL-NITE-NU33-PP-2.banner.jpeg HTTP/1.1" 404 6374
"GET /static/images/misc/Nitecore_banner.banner.jpg HTTP/1.1" 404 6362
"GET /static/images/misc/banner15.banner.png HTTP/1.1" 404 6334
"GET /static/images/misc/TINI2-SS-15th-mkt1.banner.jpeg HTTP/1.1" 404 6378
"GET /static/images/misc/banner15.banner.png HTTP/1.1" 404 6334
"GET /static/images/misc/TINI2-SS-15th-mkt1.banner.jpeg HTTP/1.1" 404 6378
"GET /static/images/misc/NItecore_UT05_YBq71EM.banner.png HTTP/1.1" 404 6386
"GET /static/images/misc/NItecore_UT05_YBq71EM.banner.png HTTP/1.1" 404 6386
"GET /static/images/misc/Charger_Batteries.banner.jpg HTTP/1.1" 404 6370
"GET /static/images/misc/Charger_Batteries.banner.jpg HTTP/1.1" 404 6370
"GET /static/images/misc/Deal_of_the_Day_Thursday_8.25_aD6tdCN.banner.png HTTP/1.1" 404 6450
"GET /static/images/misc/CLEARANCE_DEAL_TUES_AUG_22_-_Andrew-Amanda.COM_ckJztF2.banner.png HTTP/1.1" 404 6518
"GET /static/images/misc/Deal_of_the_Day_Thursday_8.25_aD6tdCN.banner.png HTTP/1.1" 404 6450
"GET /static/images/misc/banner15_82HKBmE.banner.png HTTP/1.1" 404 6366
"GET /static/images/misc/CLEARANCE_DEAL_TUES_AUG_22_-_Andrew-Amanda.COM_ckJztF2.banner.png HTTP/1.1" 404 6518
"GET /static/images/misc/P20iX.banner.png HTTP/1.1" 404 6322
"GET /static/images/misc/banner15_82HKBmE.banner.png HTTP/1.1" 404 6366
"GET /static/images/misc/P20iX.banner.png HTTP/1.1" 404 6322
"GET /static/images/misc/FL-NITE-NU33-PP-2_y4OJvZb.banner.jpeg HTTP/1.1" 404 6406
"GET /static/images/misc/FL-NITE-NU33-PP-2_y4OJvZb.banner.jpeg HTTP/1.1" 404 6406
"GET /static/images/misc/FL-NITE-NU33-PP-2.banner.jpeg HTTP/1.1" 404 6374
"GET /static/images/misc/FL-NITE-NU33-PP-2.banner.jpeg HTTP/1.1" 404 6374
"GET /static/images/misc/Nitecore_banner.banner.jpg HTTP/1.1" 404 6362
"GET /static/images/misc/Nitecore_banner.banner.jpg HTTP/1.1" 404 6362
"GET /static/images/misc/banner15.banner.png HTTP/1.1" 404 6334
"GET /static/images/misc/banner15.banner.png HTTP/1.1" 404 6334
"GET /static/images/misc/TINI2-SS-15th-mkt1.banner.jpeg HTTP/1.1" 404 6378
"GET /static/images/misc/NItecore_UT05_YBq71EM.banner.png HTTP/1.1" 404 6386
"GET /static/images/misc/TINI2-SS-15th-mkt1.banner.jpeg HTTP/1.1" 404 6378
"GET /static/images/misc/Charger_Batteries.banner.jpg HTTP/1.1" 404 6370
"GET /static/images/misc/NItecore_UT05_YBq71EM.banner.png HTTP/1.1" 404 6386
"GET /static/images/misc/Charger_Batteries.banner.jpg HTTP/1.1" 404 6370
"GET /static/images/misc/Deal_of_the_Day_Thursday_8.25_aD6tdCN.banner.png HTTP/1.1" 404 6450
"GET /static/images/misc/CLEARANCE_DEAL_TUES_AUG_22_-_Andrew-Amanda.COM_ckJztF2.banner.png HTTP/1.1" 404 6518
"GET /static/images/misc/Deal_of_the_Day_Thursday_8.25_aD6tdCN.banner.png HTTP/1.1" 404 6450
"GET /static/images/misc/CLEARANCE_DEAL_TUES_AUG_22_-_Andrew-Amanda.COM_ckJztF2.banner.png HTTP/1.1" 404 6518
"GET /static/images/misc/banner15_82HKBmE.banner.png HTTP/1.1" 404 6366
"GET /static/images/misc/banner15_82HKBmE.banner.png HTTP/1.1" 404 6366
"GET /static/images/misc/P20iX.banner.png HTTP/1.1" 404 6322
"GET /static/images/misc/P20iX.banner.png HTTP/1.1" 404 6322
"GET /static/images/misc/FL-NITE-NU33-PP-2_y4OJvZb.banner.jpeg HTTP/1.1" 404 6406
"GET /static/images/misc/FL-NITE-NU33-PP-2.banner.jpeg HTTP/1.1" 404 6374
"GET /static/images/misc/FL-NITE-NU33-PP-2_y4OJvZb.banner.jpeg HTTP/1.1" 404 6406
"GET /static/images/misc/FL-NITE-NU33-PP-2.banner.jpeg HTTP/1.1" 404 6374
"GET /static/images/misc/Nitecore_banner.banner.jpg HTTP/1.1" 404 6362
"GET /static/images/misc/Nitecore_banner.banner.jpg HTTP/1.1" 404 6362
"GET /static/images/misc/banner15.banner.png HTTP/1.1" 404 6334
"GET /static/images/misc/banner15.banner.png HTTP/1.1" 404 6334
"GET /static/images/misc/TINI2-SS-15th-mkt1.banner.jpeg HTTP/1.1" 404 6378
"GET /static/images/misc/TINI2-SS-15th-mkt1.banner.jpeg HTTP/1.1" 404 6378
"GET /static/images/misc/NItecore_UT05_YBq71EM.banner.png HTTP/1.1" 404 6386
"GET /static/images/misc/Charger_Batteries.banner.jpg HTTP/1.1" 404 6370
"GET /static/images/misc/NItecore_UT05_YBq71EM.banner.png HTTP/1.1" 404 6386
"GET /static/images/misc/Charger_Batteries.banner.jpg HTTP/1.1" 404 6370
"GET /static/images/misc/Deal_of_the_Day_Thursday_8.25_aD6tdCN.banner.png HTTP/1.1" 404 6450
"GET /static/images/misc/Deal_of_the_Day_Thursday_8.25_aD6tdCN.banner.png HTTP/1.1" 404 6450
"GET /static/images/misc/CLEARANCE_DEAL_TUES_AUG_22_-_Andrew-Amanda.COM_ckJztF2.banner.png HTTP/1.1" 404 6518
"GET /static/images/misc/banner15_82HKBmE.banner.png HTTP/1.1" 404 6366
"GET /static/images/misc/CLEARANCE_DEAL_TUES_AUG_22_-_Andrew-Amanda.COM_ckJztF2.banner.png HTTP/1.1" 404 6518
"GET /static/images/misc/P20iX.banner.png HTTP/1.1" 404 6322
"GET /static/images/misc/banner15_82HKBmE.banner.png HTTP/1.1" 404 6366
"GET /static/images/misc/P20iX.banner.png HTTP/1.1" 404 6322
"GET /static/images/misc/FL-NITE-NU33-PP-2_y4OJvZb.banner.jpeg HTTP/1.1" 404 6406
"GET /static/images/misc/FL-NITE-NU33-PP-2_y4OJvZb.banner.jpeg HTTP/1.1" 404 6406
"GET /static/images/misc/FL-NITE-NU33-PP-2.banner.jpeg HTTP/1.1" 404 6374
"GET /static/images/misc/FL-NITE-NU33-PP-2.banner.jpeg HTTP/1.1" 404 6374
"GET /static/images/misc/Nitecore_banner.banner.jpg HTTP/1.1" 404 6362
"GET /static/images/misc/Nitecore_banner.banner.jpg HTTP/1.1" 404 6362
"GET /static/images/misc/banner15.banner.png HTTP/1.1" 404 6334
"GET /static/images/misc/banner15.banner.png HTTP/1.1" 404 6334
"GET /static/images/misc/TINI2-SS-15th-mkt1.banner.jpeg HTTP/1.1" 404 6378
"GET /static/images/misc/TINI2-SS-15th-mkt1.banner.jpeg HTTP/1.1" 404 6378
"GET /static/images/misc/NItecore_UT05_YBq71EM.banner.png HTTP/1.1" 404 6386
"GET /static/images/misc/NItecore_UT05_YBq71EM.banner.png HTTP/1.1" 404 6386
"GET /static/images/misc/Charger_Batteries.banner.jpg HTTP/1.1" 404 6370
"GET /static/images/misc/Charger_Batteries.banner.jpg HTTP/1.1" 404 6370
"GET /static/images/misc/Deal_of_the_Day_Thursday_8.25_aD6tdCN.banner.png HTTP/1.1" 404 6450
"GET /static/images/misc/Deal_of_the_Day_Thursday_8.25_aD6tdCN.banner.png HTTP/1.1" 404 6450
"GET /static/images/misc/CLEARANCE_DEAL_TUES_AUG_22_-_Andrew-Amanda.COM_ckJztF2.banner.png HTTP/1.1" 404 6518
"GET /static/images/misc/banner15_82HKBmE.banner.png HTTP/1.1" 404 6366
"GET /static/images/misc/CLEARANCE_DEAL_TUES_AUG_22_-_Andrew-Amanda.COM_ckJztF2.banner.png HTTP/1.1" 404 6518
"GET /static/images/misc/P20iX.banner.png HTTP/1.1" 404 6322
"GET /static/images/misc/banner15_82HKBmE.banner.png HTTP/1.1" 404 6366
"GET /static/images/misc/P20iX.banner.png HTTP/1.1" 404 6322
"GET /static/images/misc/FL-NITE-NU33-PP-2_y4OJvZb.banner.jpeg HTTP/1.1" 404 6406
"GET /static/images/misc/FL-NITE-NU33-PP-2_y4OJvZb.banner.jpeg HTTP/1.1" 404 6406
"GET /static/images/misc/FL-NITE-NU33-PP-2.banner.jpeg HTTP/1.1" 404 6374
"GET /static/images/misc/FL-NITE-NU33-PP-2.banner.jpeg HTTP/1.1" 404 6374
"GET /static/images/misc/Nitecore_banner.banner.jpg HTTP/1.1" 404 6362
"GET /static/images/misc/banner15.banner.png HTTP/1.1" 404 6334
"GET /static/images/misc/Nitecore_banner.banner.jpg HTTP/1.1" 404 6362
"GET /static/images/misc/TINI2-SS-15th-mkt1.banner.jpeg HTTP/1.1" 404 6378
"GET /static/images/misc/banner15.banner.png HTTP/1.1" 404 6334
"GET /static/images/misc/TINI2-SS-15th-mkt1.banner.jpeg HTTP/1.1" 404 6378
"GET /static/images/misc/NItecore_UT05_YBq71EM.banner.png HTTP/1.1" 404 6386
"GET /static/images/misc/NItecore_UT05_YBq71EM.banner.png HTTP/1.1" 404 6386
"GET /static/images/misc/Charger_Batteries.banner.jpg HTTP/1.1" 404 6370
"GET /static/images/misc/Charger_Batteries.banner.jpg HTTP/1.1" 404 6370
"GET /static/images/misc/Deal_of_the_Day_Thursday_8.25_aD6tdCN.banner.png HTTP/1.1" 404 6450
"GET /static/images/misc/Deal_of_the_Day_Thursday_8.25_aD6tdCN.banner.png HTTP/1.1" 404 6450
"GET /static/images/misc/CLEARANCE_DEAL_TUES_AUG_22_-_Andrew-Amanda.COM_ckJztF2.banner.png HTTP/1.1" 404 6518
"GET /static/images/misc/CLEARANCE_DEAL_TUES_AUG_22_-_Andrew-Amanda.COM_ckJztF2.banner.png HTTP/1.1" 404 6518
"GET /static/images/misc/banner15_82HKBmE.banner.png HTTP/1.1" 404 6366
"GET /static/images/misc/banner15_82HKBmE.banner.png HTTP/1.1" 404 6366
"GET /static/images/misc/P20iX.banner.png HTTP/1.1" 404 6322
"GET /static/images/misc/P20iX.banner.png HTTP/1.1" 404 6322
"GET /static/images/misc/FL-NITE-NU33-PP-2_y4OJvZb.banner.jpeg HTTP/1.1" 404 6406
"GET /static/images/misc/FL-NITE-NU33-PP-2_y4OJvZb.banner.jpeg HTTP/1.1" 404 6406
"GET /static/images/misc/FL-NITE-NU33-PP-2.banner.jpeg HTTP/1.1" 404 6374
"GET /static/images/misc/FL-NITE-NU33-PP-2.banner.jpeg HTTP/1.1" 404 6374
"GET /static/images/misc/Nitecore_banner.banner.jpg HTTP/1.1" 404 6362
"GET /static/images/misc/Nitecore_banner.banner.jpg HTTP/1.1" 404 6362
"GET /static/images/misc/banner15.banner.png HTTP/1.1" 404 6334
"GET /static/images/misc/TINI2-SS-15th-mkt1.banner.jpeg HTTP/1.1" 404 6378
"GET /static/images/misc/banner15.banner.png HTTP/1.1" 404 6334
"GET /static/images/misc/TINI2-SS-15th-mkt1.banner.jpeg HTTP/1.1" 404 6378
"GET /static/images/misc/NItecore_UT05_YBq71EM.banner.png HTTP/1.1" 404 6386
"GET /static/images/misc/NItecore_UT05_YBq71EM.banner.png HTTP/1.1" 404 6386
"GET /static/images/misc/Charger_Batteries.banner.jpg HTTP/1.1" 404 6370
"GET /static/images/misc/Charger_Batteries.banner.jpg HTTP/1.1" 404 6370
"GET /static/images/misc/Deal_of_the_Day_Thursday_8.25_aD6tdCN.banner.png HTTP/1.1" 404 6450
"GET /static/images/misc/Deal_of_the_Day_Thursday_8.25_aD6tdCN.banner.png HTTP/1.1" 404 6450
"GET /static/images/misc/CLEARANCE_DEAL_TUES_AUG_22_-_Andrew-Amanda.COM_ckJztF2.banner.png HTTP/1.1" 404 6518
"GET /static/images/misc/CLEARANCE_DEAL_TUES_AUG_22_-_Andrew-Amanda.COM_ckJztF2.banner.png HTTP/1.1" 404 6518
"GET /static/images/misc/banner15_82HKBmE.banner.png HTTP/1.1" 404 6366
"GET /static/images/misc/banner15_82HKBmE.banner.png HTTP/1.1" 404 6366
"GET /static/images/misc/P20iX.banner.png HTTP/1.1" 404 6322
"GET /static/images/misc/P20iX.banner.png HTTP/1.1" 404 6322
"GET /static/images/misc/FL-NITE-NU33-PP-2_y4OJvZb.banner.jpeg HTTP/1.1" 404 6406
"GET /static/images/misc/FL-NITE-NU33-PP-2_y4OJvZb.banner.jpeg HTTP/1.1" 404 6406
"GET /static/images/misc/FL-NITE-NU33-PP-2.banner.jpeg HTTP/1.1" 404 6374
"GET /static/images/misc/FL-NITE-NU33-PP-2.banner.jpeg HTTP/1.1" 404 6374
"GET /static/images/misc/Nitecore_banner.banner.jpg HTTP/1.1" 404 6362
"GET /static/images/misc/Nitecore_banner.banner.jpg HTTP/1.1" 404 6362
"GET /static/images/misc/banner15.banner.png HTTP/1.1" 404 6334
"GET /static/images/misc/banner15.banner.png HTTP/1.1" 404 6334
"GET /static/images/misc/TINI2-SS-15th-mkt1.banner.jpeg HTTP/1.1" 404 6378
"GET /static/images/misc/TINI2-SS-15th-mkt1.banner.jpeg HTTP/1.1" 404 6378
"GET /static/images/misc/NItecore_UT05_YBq71EM.banner.png HTTP/1.1" 404 6386
"GET /static/images/misc/NItecore_UT05_YBq71EM.banner.png HTTP/1.1" 404 6386
"GET /static/images/misc/Charger_Batteries.banner.jpg HTTP/1.1" 404 6370
"GET /static/images/misc/Charger_Batteries.banner.jpg HTTP/1.1" 404 6370
"GET /static/images/misc/Deal_of_the_Day_Thursday_8.25_aD6tdCN.banner.png HTTP/1.1" 404 6450
"GET /static/images/misc/Deal_of_the_Day_Thursday_8.25_aD6tdCN.banner.png HTTP/1.1" 404 6450
"GET /static/images/misc/CLEARANCE_DEAL_TUES_AUG_22_-_Andrew-Amanda.COM_ckJztF2.banner.png HTTP/1.1" 404 6518
"GET /static/images/misc/banner15_82HKBmE.banner.png HTTP/1.1" 404 6366
"GET /static/images/misc/CLEARANCE_DEAL_TUES_AUG_22_-_Andrew-Amanda.COM_ckJztF2.banner.png HTTP/1.1" 404 6518
"GET /static/images/misc/banner15_82HKBmE.banner.png HTTP/1.1" 404 6366
"GET /static/images/misc/P20iX.banner.png HTTP/1.1" 404 6322
"GET /static/images/misc/P20iX.banner.png HTTP/1.1" 404 6322
"GET /static/images/misc/FL-NITE-NU33-PP-2_y4OJvZb.banner.jpeg HTTP/1.1" 404 6406
"GET /static/images/misc/FL-NITE-NU33-PP-2_y4OJvZb.banner.jpeg HTTP/1.1" 404 6406
"GET /static/images/misc/FL-NITE-NU33-PP-2.banner.jpeg HTTP/1.1" 404 6374
"GET /static/images/misc/FL-NITE-NU33-PP-2.banner.jpeg HTTP/1.1" 404 6374
"GET /static/images/misc/Nitecore_banner.banner.jpg HTTP/1.1" 404 6362
"GET /static/images/misc/banner15.banner.png HTTP/1.1" 404 6334
"GET /static/images/misc/Nitecore_banner.banner.jpg HTTP/1.1" 404 6362
"GET /static/images/misc/banner15.banner.png HTTP/1.1" 404 6334
"GET /static/images/misc/TINI2-SS-15th-mkt1.banner.jpeg HTTP/1.1" 404 6378
"GET /static/images/misc/TINI2-SS-15th-mkt1.banner.jpeg HTTP/1.1" 404 6378
"GET /static/images/misc/NItecore_UT05_YBq71EM.banner.png HTTP/1.1" 404 6386
"GET /static/images/misc/NItecore_UT05_YBq71EM.banner.png HTTP/1.1" 404 6386
"GET /static/images/misc/Charger_Batteries.banner.jpg HTTP/1.1" 404 6370
"GET /static/images/misc/Charger_Batteries.banner.jpg HTTP/1.1" 404 6370
"GET /static/images/misc/Deal_of_the_Day_Thursday_8.25_aD6tdCN.banner.png HTTP/1.1" 404 6450
"GET /static/images/misc/Deal_of_the_Day_Thursday_8.25_aD6tdCN.banner.png HTTP/1.1" 404 6450
"GET /static/images/misc/CLEARANCE_DEAL_TUES_AUG_22_-_Andrew-Amanda.COM_ckJztF2.banner.png HTTP/1.1" 404 6518
"GET /static/images/misc/CLEARANCE_DEAL_TUES_AUG_22_-_Andrew-Amanda.COM_ckJztF2.banner.png HTTP/1.1" 404 6518
"GET /static/images/misc/banner15_82HKBmE.banner.png HTTP/1.1" 404 6366
"GET /static/images/misc/banner15_82HKBmE.banner.png HTTP/1.1" 404 6366
"GET /static/images/misc/P20iX.banner.png HTTP/1.1" 404 6322
"GET /static/images/misc/P20iX.banner.png HTTP/1.1" 404 6322
"GET /static/images/misc/FL-NITE-NU33-PP-2_y4OJvZb.banner.jpeg HTTP/1.1" 404 6406
"GET /static/images/misc/FL-NITE-NU33-PP-2_y4OJvZb.banner.jpeg HTTP/1.1" 404 6406
"GET /static/images/misc/FL-NITE-NU33-PP-2.banner.jpeg HTTP/1.1" 404 6374
"GET /static/images/misc/FL-NITE-NU33-PP-2.banner.jpeg HTTP/1.1" 404 6374
"GET /static/images/misc/Nitecore_banner.banner.jpg HTTP/1.1" 404 6362
"GET /static/images/misc/Nitecore_banner.banner.jpg HTTP/1.1" 404 6362
"GET /static/images/misc/banner15.banner.png HTTP/1.1" 404 6334
"GET /static/images/misc/banner15.banner.png HTTP/1.1" 404 6334
"GET /static/images/misc/TINI2-SS-15th-mkt1.banner.jpeg HTTP/1.1" 404 6378
"GET /static/images/misc/TINI2-SS-15th-mkt1.banner.jpeg HTTP/1.1" 404 6378
"GET /static/images/misc/NItecore_UT05_YBq71EM.banner.png HTTP/1.1" 404 6386
"GET /static/images/misc/NItecore_UT05_YBq71EM.banner.png HTTP/1.1" 404 6386
"GET /static/images/misc/Charger_Batteries.banner.jpg HTTP/1.1" 404 6370
"GET /static/images/misc/Deal_of_the_Day_Thursday_8.25_aD6tdCN.banner.png HTTP/1.1" 404 6450
"GET /static/images/misc/Charger_Batteries.banner.jpg HTTP/1.1" 404 6370
"GET /static/images/misc/Deal_of_the_Day_Thursday_8.25_aD6tdCN.banner.png HTTP/1.1" 404 6450
"GET /static/images/misc/CLEARANCE_DEAL_TUES_AUG_22_-_Andrew-Amanda.COM_ckJztF2.banner.png HTTP/1.1" 404 6518
"GET /static/images/misc/CLEARANCE_DEAL_TUES_AUG_22_-_Andrew-Amanda.COM_ckJztF2.banner.png HTTP/1.1" 404 6518
"GET /static/images/misc/banner15_82HKBmE.banner.png HTTP/1.1" 404 6366
"GET /static/images/misc/banner15_82HKBmE.banner.png HTTP/1.1" 404 6366
"GET /static/images/misc/P20iX.banner.png HTTP/1.1" 404 6322
"GET /static/images/misc/P20iX.banner.png HTTP/1.1" 404 6322
"GET /static/images/misc/FL-NITE-NU33-PP-2_y4OJvZb.banner.jpeg HTTP/1.1" 404 6406
"GET /static/images/misc/FL-NITE-NU33-PP-2_y4OJvZb.banner.jpeg HTTP/1.1" 404 6406
"GET /static/images/misc/FL-NITE-NU33-PP-2.banner.jpeg HTTP/1.1" 404 6374
"GET /static/images/misc/FL-NITE-NU33-PP-2.banner.jpeg HTTP/1.1" 404 6374
"GET /static/images/misc/Nitecore_banner.banner.jpg HTTP/1.1" 404 6362
"GET /static/images/misc/banner15.banner.png HTTP/1.1" 404 6334
"GET /static/images/misc/Nitecore_banner.banner.jpg HTTP/1.1" 404 6362
"GET /static/images/misc/banner15.banner.png HTTP/1.1" 404 6334
"GET /static/images/misc/TINI2-SS-15th-mkt1.banner.jpeg HTTP/1.1" 404 6378
"GET /static/images/misc/NItecore_UT05_YBq71EM.banner.png HTTP/1.1" 404 6386
"GET /static/images/misc/TINI2-SS-15th-mkt1.banner.jpeg HTTP/1.1" 404 6378
"GET /static/images/misc/NItecore_UT05_YBq71EM.banner.png HTTP/1.1" 404 6386
"GET /static/images/misc/Charger_Batteries.banner.jpg HTTP/1.1" 404 6370
"GET /static/images/misc/Charger_Batteries.banner.jpg HTTP/1.1" 404 6370
"GET /static/images/misc/Deal_of_the_Day_Thursday_8.25_aD6tdCN.banner.png HTTP/1.1" 404 6450
"GET /static/images/misc/Deal_of_the_Day_Thursday_8.25_aD6tdCN.banner.png HTTP/1.1" 404 6450
"GET /static/images/misc/CLEARANCE_DEAL_TUES_AUG_22_-_Andrew-Amanda.COM_ckJztF2.banner.png HTTP/1.1" 404 6518
"GET /static/images/misc/CLEARANCE_DEAL_TUES_AUG_22_-_Andrew-Amanda.COM_ckJztF2.banner.png HTTP/1.1" 404 6518
"GET /static/images/misc/banner15_82HKBmE.banner.png HTTP/1.1" 404 6366
"GET /static/images/misc/P20iX.banner.png HTTP/1.1" 404 6322
"GET /static/images/misc/banner15_82HKBmE.banner.png HTTP/1.1" 404 6366
"GET /static/images/misc/P20iX.banner.png HTTP/1.1" 404 6322
"GET /static/images/misc/FL-NITE-NU33-PP-2_y4OJvZb.banner.jpeg HTTP/1.1" 404 6406
"GET /static/images/misc/FL-NITE-NU33-PP-2.banner.jpeg HTTP/1.1" 404 6374
"GET /static/images/misc/FL-NITE-NU33-PP-2_y4OJvZb.banner.jpeg HTTP/1.1" 404 6406
"GET /static/images/misc/FL-NITE-NU33-PP-2.banner.jpeg HTTP/1.1" 404 6374
"GET /static/images/misc/Nitecore_banner.banner.jpg HTTP/1.1" 404 6362
"GET /static/images/misc/Nitecore_banner.banner.jpg HTTP/1.1" 404 6362
"GET /static/images/misc/banner15.banner.png HTTP/1.1" 404 6334
"GET /static/images/misc/TINI2-SS-15th-mkt1.banner.jpeg HTTP/1.1" 404 6378
"GET /static/images/misc/banner15.banner.png HTTP/1.1" 404 6334
"GET /static/images/misc/TINI2-SS-15th-mkt1.banner.jpeg HTTP/1.1" 404 6378
"GET /static/images/misc/NItecore_UT05_YBq71EM.banner.png HTTP/1.1" 404 6386
"GET /static/images/misc/Charger_Batteries.banner.jpg HTTP/1.1" 404 6370
"GET /static/images/misc/NItecore_UT05_YBq71EM.banner.png HTTP/1.1" 404 6386
"GET /static/images/misc/Charger_Batteries.banner.jpg HTTP/1.1" 404 6370
"GET /static/images/misc/Deal_of_the_Day_Thursday_8.25_aD6tdCN.banner.png HTTP/1.1" 404 6450
"GET /static/images/misc/Deal_of_the_Day_Thursday_8.25_aD6tdCN.banner.png HTTP/1.1" 404 6450
"GET /static/images/misc/CLEARANCE_DEAL_TUES_AUG_22_-_Andrew-Amanda.COM_ckJztF2.banner.png HTTP/1.1" 404 6518
"GET /static/images/misc/CLEARANCE_DEAL_TUES_AUG_22_-_Andrew-Amanda.COM_ckJztF2.banner.png HTTP/1.1" 404 6518
"GET /static/images/misc/banner15_82HKBmE.banner.png HTTP/1.1" 404 6366
"GET /static/images/misc/P20iX.banner.png HTTP/1.1" 404 6322
"GET /static/images/misc/banner15_82HKBmE.banner.png HTTP/1.1" 404 6366
"GET /static/images/misc/P20iX.banner.png HTTP/1.1" 404 6322
"GET /static/images/misc/FL-NITE-NU33-PP-2_y4OJvZb.banner.jpeg HTTP/1.1" 404 6406
"GET /static/images/misc/FL-NITE-NU33-PP-2.banner.jpeg HTTP/1.1" 404 6374
"GET /static/images/misc/FL-NITE-NU33-PP-2_y4OJvZb.banner.jpeg HTTP/1.1" 404 6406
"GET /static/images/misc/Nitecore_banner.banner.jpg HTTP/1.1" 404 6362
"GET /static/images/misc/FL-NITE-NU33-PP-2.banner.jpeg HTTP/1.1" 404 6374
"GET /static/images/misc/Nitecore_banner.banner.jpg HTTP/1.1" 404 6362
"GET /static/images/misc/banner15.banner.png HTTP/1.1" 404 6334
"GET /static/images/misc/banner15.banner.png HTTP/1.1" 404 6334
"GET /static/images/misc/TINI2-SS-15th-mkt1.banner.jpeg HTTP/1.1" 404 6378
"GET /static/images/misc/TINI2-SS-15th-mkt1.banner.jpeg HTTP/1.1" 404 6378
"GET /static/images/misc/NItecore_UT05_YBq71EM.banner.png HTTP/1.1" 404 6386
"GET /static/images/misc/NItecore_UT05_YBq71EM.banner.png HTTP/1.1" 404 6386
"GET /static/images/misc/Charger_Batteries.banner.jpg HTTP/1.1" 404 6370
"GET /static/images/misc/Charger_Batteries.banner.jpg HTTP/1.1" 404 6370
"GET /static/images/misc/Deal_of_the_Day_Thursday_8.25_aD6tdCN.banner.png HTTP/1.1" 404 6450
"GET /static/images/misc/CLEARANCE_DEAL_TUES_AUG_22_-_Andrew-Amanda.COM_ckJztF2.banner.png HTTP/1.1" 404 6518
"GET /static/images/misc/Deal_of_the_Day_Thursday_8.25_aD6tdCN.banner.png HTTP/1.1" 404 6450
"GET /static/images/misc/banner15_82HKBmE.banner.png HTTP/1.1" 404 6366
"GET /static/images/misc/CLEARANCE_DEAL_TUES_AUG_22_-_Andrew-Amanda.COM_ckJztF2.banner.png HTTP/1.1" 404 6518
"GET /static/images/misc/banner15_82HKBmE.banner.png HTTP/1.1" 404 6366
"GET /static/images/misc/P20iX.banner.png HTTP/1.1" 404 6322
"GET /static/images/misc/P20iX.banner.png HTTP/1.1" 404 6322
"GET /static/images/misc/FL-NITE-NU33-PP-2_y4OJvZb.banner.jpeg HTTP/1.1" 404 6406
"GET /static/images/misc/FL-NITE-NU33-PP-2_y4OJvZb.banner.jpeg HTTP/1.1" 404 6406
"GET /static/images/misc/FL-NITE-NU33-PP-2.banner.jpeg HTTP/1.1" 404 6374
"GET /static/images/misc/FL-NITE-NU33-PP-2.banner.jpeg HTTP/1.1" 404 6374
"GET /static/images/misc/Nitecore_banner.banner.jpg HTTP/1.1" 404 6362
"GET /static/images/misc/Nitecore_banner.banner.jpg HTTP/1.1" 404 6362
"GET /static/images/misc/banner15.banner.png HTTP/1.1" 404 6334
"GET /static/images/misc/TINI2-SS-15th-mkt1.banner.jpeg HTTP/1.1" 404 6378
"GET /static/images/misc/banner15.banner.png HTTP/1.1" 404 6334
"GET /static/images/misc/NItecore_UT05_YBq71EM.banner.png HTTP/1.1" 404 6386
"GET /static/images/misc/TINI2-SS-15th-mkt1.banner.jpeg HTTP/1.1" 404 6378
"GET /static/images/misc/Charger_Batteries.banner.jpg HTTP/1.1" 404 6370
"GET /static/images/misc/NItecore_UT05_YBq71EM.banner.png HTTP/1.1" 404 6386
"GET /static/images/misc/Charger_Batteries.banner.jpg HTTP/1.1" 404 6370
"GET /static/images/misc/Deal_of_the_Day_Thursday_8.25_aD6tdCN.banner.png HTTP/1.1" 404 6450
"GET /static/images/misc/Deal_of_the_Day_Thursday_8.25_aD6tdCN.banner.png HTTP/1.1" 404 6450
"GET /static/images/misc/CLEARANCE_DEAL_TUES_AUG_22_-_Andrew-Amanda.COM_ckJztF2.banner.png HTTP/1.1" 404 6518
"GET /static/images/misc/banner15_82HKBmE.banner.png HTTP/1.1" 404 6366
"GET /static/images/misc/CLEARANCE_DEAL_TUES_AUG_22_-_Andrew-Amanda.COM_ckJztF2.banner.png HTTP/1.1" 404 6518
"GET /static/images/misc/banner15_82HKBmE.banner.png HTTP/1.1" 404 6366
"GET /static/images/misc/P20iX.banner.png HTTP/1.1" 404 6322
"GET /static/images/misc/P20iX.banner.png HTTP/1.1" 404 6322
"GET /static/images/misc/FL-NITE-NU33-PP-2_y4OJvZb.banner.jpeg HTTP/1.1" 404 6406
"GET /static/images/misc/FL-NITE-NU33-PP-2_y4OJvZb.banner.jpeg HTTP/1.1" 404 6406
"GET /static/images/misc/FL-NITE-NU33-PP-2.banner.jpeg HTTP/1.1" 404 6374
"GET /static/images/misc/FL-NITE-NU33-PP-2.banner.jpeg HTTP/1.1" 404 6374
"GET /static/images/misc/Nitecore_banner.banner.jpg HTTP/1.1" 404 6362
"GET /static/images/misc/Nitecore_banner.banner.jpg HTTP/1.1" 404 6362
"GET /static/images/misc/banner15.banner.png HTTP/1.1" 404 6334
"GET /static/images/misc/banner15.banner.png HTTP/1.1" 404 6334
"GET /static/images/misc/TINI2-SS-15th-mkt1.banner.jpeg HTTP/1.1" 404 6378
"GET /static/images/misc/TINI2-SS-15th-mkt1.banner.jpeg HTTP/1.1" 404 6378
"GET /static/images/misc/NItecore_UT05_YBq71EM.banner.png HTTP/1.1" 404 6386
"GET /static/images/misc/NItecore_UT05_YBq71EM.banner.png HTTP/1.1" 404 6386
"GET /static/images/misc/Charger_Batteries.banner.jpg HTTP/1.1" 404 6370
"GET /static/images/misc/Charger_Batteries.banner.jpg HTTP/1.1" 404 6370
"GET /static/images/misc/Deal_of_the_Day_Thursday_8.25_aD6tdCN.banner.png HTTP/1.1" 404 6450
"GET /static/images/misc/Deal_of_the_Day_Thursday_8.25_aD6tdCN.banner.png HTTP/1.1" 404 6450
"GET /static/images/misc/CLEARANCE_DEAL_TUES_AUG_22_-_Andrew-Amanda.COM_ckJztF2.banner.png HTTP/1.1" 404 6518
"GET /static/images/misc/CLEARANCE_DEAL_TUES_AUG_22_-_Andrew-Amanda.COM_ckJztF2.banner.png HTTP/1.1" 404 6518
"GET /static/images/misc/banner15_82HKBmE.banner.png HTTP/1.1" 404 6366
"GET /static/images/misc/banner15_82HKBmE.banner.png HTTP/1.1" 404 6366
"GET /static/images/misc/P20iX.banner.png HTTP/1.1" 404 6322
"GET /static/images/misc/P20iX.banner.png HTTP/1.1" 404 6322
"GET /static/images/misc/FL-NITE-NU33-PP-2_y4OJvZb.banner.jpeg HTTP/1.1" 404 6406
"GET /static/images/misc/FL-NITE-NU33-PP-2.banner.jpeg HTTP/1.1" 404 6374
"GET /static/images/misc/FL-NITE-NU33-PP-2_y4OJvZb.banner.jpeg HTTP/1.1" 404 6406
"GET /static/images/misc/FL-NITE-NU33-PP-2.banner.jpeg HTTP/1.1" 404 6374
"GET /static/images/misc/Nitecore_banner.banner.jpg HTTP/1.1" 404 6362
"GET /static/images/misc/Nitecore_banner.banner.jpg HTTP/1.1" 404 6362
"GET /static/images/misc/banner15.banner.png HTTP/1.1" 404 6334
"GET /static/images/misc/banner15.banner.png HTTP/1.1" 404 6334
"GET /static/images/misc/TINI2-SS-15th-mkt1.banner.jpeg HTTP/1.1" 404 6378
"GET /static/images/misc/TINI2-SS-15th-mkt1.banner.jpeg HTTP/1.1" 404 6378
"GET /static/images/misc/NItecore_UT05_YBq71EM.banner.png HTTP/1.1" 404 6386
"GET /static/images/misc/NItecore_UT05_YBq71EM.banner.png HTTP/1.1" 404 6386
"GET /static/images/misc/Charger_Batteries.banner.jpg HTTP/1.1" 404 6370
"GET /static/images/misc/Charger_Batteries.banner.jpg HTTP/1.1" 404 6370
"GET /static/images/misc/Deal_of_the_Day_Thursday_8.25_aD6tdCN.banner.png HTTP/1.1" 404 6450
"GET /static/images/misc/CLEARANCE_DEAL_TUES_AUG_22_-_Andrew-Amanda.COM_ckJztF2.banner.png HTTP/1.1" 404 6518
"GET /static/images/misc/Deal_of_the_Day_Thursday_8.25_aD6tdCN.banner.png HTTP/1.1" 404 6450
"GET /static/images/misc/CLEARANCE_DEAL_TUES_AUG_22_-_Andrew-Amanda.COM_ckJztF2.banner.png HTTP/1.1" 404 6518
"GET /static/images/misc/banner15_82HKBmE.banner.png HTTP/1.1" 404 6366
"GET /static/images/misc/banner15_82HKBmE.banner.png HTTP/1.1" 404 6366
"GET /static/images/misc/P20iX.banner.png HTTP/1.1" 404 6322
"GET /static/images/misc/P20iX.banner.png HTTP/1.1" 404 6322
"GET /static/images/misc/FL-NITE-NU33-PP-2_y4OJvZb.banner.jpeg HTTP/1.1" 404 6406
"GET /static/images/misc/FL-NITE-NU33-PP-2_y4OJvZb.banner.jpeg HTTP/1.1" 404 6406
"GET /static/images/misc/FL-NITE-NU33-PP-2.banner.jpeg HTTP/1.1" 404 6374
"GET /static/images/misc/FL-NITE-NU33-PP-2.banner.jpeg HTTP/1.1" 404 6374
"GET /static/images/misc/Nitecore_banner.banner.jpg HTTP/1.1" 404 6362
"GET /static/images/misc/Nitecore_banner.banner.jpg HTTP/1.1" 404 6362
"GET /static/images/misc/banner15.banner.png HTTP/1.1" 404 6334
"GET /static/images/misc/banner15.banner.png HTTP/1.1" 404 6334
"GET /static/images/misc/TINI2-SS-15th-mkt1.banner.jpeg HTTP/1.1" 404 6378
"GET /static/images/misc/TINI2-SS-15th-mkt1.banner.jpeg HTTP/1.1" 404 6378
"GET /static/images/misc/NItecore_UT05_YBq71EM.banner.png HTTP/1.1" 404 6386
"GET /static/images/misc/Charger_Batteries.banner.jpg HTTP/1.1" 404 6370
"GET /static/images/misc/NItecore_UT05_YBq71EM.banner.png HTTP/1.1" 404 6386
"GET /static/images/misc/Charger_Batteries.banner.jpg HTTP/1.1" 404 6370
"GET /static/images/misc/Deal_of_the_Day_Thursday_8.25_aD6tdCN.banner.png HTTP/1.1" 404 6450
"GET /static/images/misc/Deal_of_the_Day_Thursday_8.25_aD6tdCN.banner.png HTTP/1.1" 404 6450
"GET /static/images/misc/CLEARANCE_DEAL_TUES_AUG_22_-_Andrew-Amanda.COM_ckJztF2.banner.png HTTP/1.1" 404 6518
"GET /static/images/misc/CLEARANCE_DEAL_TUES_AUG_22_-_Andrew-Amanda.COM_ckJztF2.banner.png HTTP/1.1" 404 6518
"GET /static/images/misc/banner15_82HKBmE.banner.png HTTP/1.1" 404 6366
"GET /static/images/misc/banner15_82HKBmE.banner.png HTTP/1.1" 404 6366
"GET /static/images/misc/P20iX.banner.png HTTP/1.1" 404 6322
"GET /static/images/misc/P20iX.banner.png HTTP/1.1" 404 6322
"GET /static/images/misc/FL-NITE-NU33-PP-2_y4OJvZb.banner.jpeg HTTP/1.1" 404 6406
"GET /static/images/misc/FL-NITE-NU33-PP-2_y4OJvZb.banner.jpeg HTTP/1.1" 404 6406
"GET /static/images/misc/FL-NITE-NU33-PP-2.banner.jpeg HTTP/1.1" 404 6374
"GET /static/images/misc/FL-NITE-NU33-PP-2.banner.jpeg HTTP/1.1" 404 6374
"GET /static/images/misc/Nitecore_banner.banner.jpg HTTP/1.1" 404 6362
"GET /static/images/misc/Nitecore_banner.banner.jpg HTTP/1.1" 404 6362
"GET /static/images/misc/banner15.banner.png HTTP/1.1" 404 6334
"GET /static/images/misc/banner15.banner.png HTTP/1.1" 404 6334
"GET /static/images/misc/TINI2-SS-15th-mkt1.banner.jpeg HTTP/1.1" 404 6378
"GET /static/images/misc/TINI2-SS-15th-mkt1.banner.jpeg HTTP/1.1" 404 6378
"GET /static/images/misc/NItecore_UT05_YBq71EM.banner.png HTTP/1.1" 404 6386
"GET /static/images/misc/NItecore_UT05_YBq71EM.banner.png HTTP/1.1" 404 6386
"GET /static/images/misc/Charger_Batteries.banner.jpg HTTP/1.1" 404 6370
"GET /static/images/misc/Charger_Batteries.banner.jpg HTTP/1.1" 404 6370
"GET /static/images/misc/Deal_of_the_Day_Thursday_8.25_aD6tdCN.banner.png HTTP/1.1" 404 6450
"GET /static/images/misc/Deal_of_the_Day_Thursday_8.25_aD6tdCN.banner.png HTTP/1.1" 404 6450
"GET /static/images/misc/CLEARANCE_DEAL_TUES_AUG_22_-_Andrew-Amanda.COM_ckJztF2.banner.png HTTP/1.1" 404 6518
"GET /static/images/misc/CLEARANCE_DEAL_TUES_AUG_22_-_Andrew-Amanda.COM_ckJztF2.banner.png HTTP/1.1" 404 6518
"GET /static/images/misc/banner15_82HKBmE.banner.png HTTP/1.1" 404 6366
"GET /static/images/misc/P20iX.banner.png HTTP/1.1" 404 6322
"GET /static/images/misc/banner15_82HKBmE.banner.png HTTP/1.1" 404 6366
"GET /static/images/misc/P20iX.banner.png HTTP/1.1" 404 6322
"GET /static/images/misc/FL-NITE-NU33-PP-2_y4OJvZb.banner.jpeg HTTP/1.1" 404 6406
"GET /static/images/misc/FL-NITE-NU33-PP-2_y4OJvZb.banner.jpeg HTTP/1.1" 404 6406
"GET /static/images/misc/FL-NITE-NU33-PP-2.banner.jpeg HTTP/1.1" 404 6374
"GET /static/images/misc/FL-NITE-NU33-PP-2.banner.jpeg HTTP/1.1" 404 6374
"GET /static/images/misc/Nitecore_banner.banner.jpg HTTP/1.1" 404 6362
"GET /static/images/misc/Nitecore_banner.banner.jpg HTTP/1.1" 404 6362
"GET /static/images/misc/banner15.banner.png HTTP/1.1" 404 6334
"GET /static/images/misc/TINI2-SS-15th-mkt1.banner.jpeg HTTP/1.1" 404 6378
"GET /static/images/misc/banner15.banner.png HTTP/1.1" 404 6334
"GET /static/images/misc/TINI2-SS-15th-mkt1.banner.jpeg HTTP/1.1" 404 6378
"GET /static/images/misc/NItecore_UT05_YBq71EM.banner.png HTTP/1.1" 404 6386
"GET /static/images/misc/NItecore_UT05_YBq71EM.banner.png HTTP/1.1" 404 6386
"GET /static/images/misc/Charger_Batteries.banner.jpg HTTP/1.1" 404 6370
"GET /static/images/misc/Deal_of_the_Day_Thursday_8.25_aD6tdCN.banner.png HTTP/1.1" 404 6450
"GET /static/images/misc/Charger_Batteries.banner.jpg HTTP/1.1" 404 6370
"GET /static/images/misc/CLEARANCE_DEAL_TUES_AUG_22_-_Andrew-Amanda.COM_ckJztF2.banner.png HTTP/1.1" 404 6518
"GET /static/images/misc/Deal_of_the_Day_Thursday_8.25_aD6tdCN.banner.png HTTP/1.1" 404 6450
"GET /static/images/misc/CLEARANCE_DEAL_TUES_AUG_22_-_Andrew-Amanda.COM_ckJztF2.banner.png HTTP/1.1" 404 6518
"GET /static/images/misc/banner15_82HKBmE.banner.png HTTP/1.1" 404 6366
"GET /static/images/misc/P20iX.banner.png HTTP/1.1" 404 6322
"GET /static/images/misc/banner15_82HKBmE.banner.png HTTP/1.1" 404 6366
"GET /static/images/misc/P20iX.banner.png HTTP/1.1" 404 6322
"GET /static/images/misc/FL-NITE-NU33-PP-2_y4OJvZb.banner.jpeg HTTP/1.1" 404 6406
"GET /static/images/misc/FL-NITE-NU33-PP-2.banner.jpeg HTTP/1.1" 404 6374
"GET /static/images/misc/FL-NITE-NU33-PP-2_y4OJvZb.banner.jpeg HTTP/1.1" 404 6406
"GET /static/images/misc/Nitecore_banner.banner.jpg HTTP/1.1" 404 6362
"GET /static/images/misc/FL-NITE-NU33-PP-2.banner.jpeg HTTP/1.1" 404 6374
"GET /static/images/misc/Nitecore_banner.banner.jpg HTTP/1.1" 404 6362
"GET /static/images/misc/banner15.banner.png HTTP/1.1" 404 6334
"GET /static/images/misc/banner15.banner.png HTTP/1.1" 404 6334
"GET /static/images/misc/TINI2-SS-15th-mkt1.banner.jpeg HTTP/1.1" 404 6378
"GET /static/images/misc/TINI2-SS-15th-mkt1.banner.jpeg HTTP/1.1" 404 6378
"GET /static/images/misc/NItecore_UT05_YBq71EM.banner.png HTTP/1.1" 404 6386
"GET /static/images/misc/Charger_Batteries.banner.jpg HTTP/1.1" 404 6370
"GET /static/images/misc/NItecore_UT05_YBq71EM.banner.png HTTP/1.1" 404 6386
"GET /static/images/misc/Charger_Batteries.banner.jpg HTTP/1.1" 404 6370
"GET /static/images/misc/Deal_of_the_Day_Thursday_8.25_aD6tdCN.banner.png HTTP/1.1" 404 6450
"GET /static/images/misc/Deal_of_the_Day_Thursday_8.25_aD6tdCN.banner.png HTTP/1.1" 404 6450
"GET /static/images/misc/CLEARANCE_DEAL_TUES_AUG_22_-_Andrew-Amanda.COM_ckJztF2.banner.png HTTP/1.1" 404 6518
"GET /static/images/misc/CLEARANCE_DEAL_TUES_AUG_22_-_Andrew-Amanda.COM_ckJztF2.banner.png HTTP/1.1" 404 6518
"GET /static/images/misc/banner15_82HKBmE.banner.png HTTP/1.1" 404 6366
"GET /static/images/misc/banner15_82HKBmE.banner.png HTTP/1.1" 404 6366
"GET /static/images/misc/P20iX.banner.png HTTP/1.1" 404 6322
"GET /static/images/misc/P20iX.banner.png HTTP/1.1" 404 6322
"GET /static/images/misc/FL-NITE-NU33-PP-2_y4OJvZb.banner.jpeg HTTP/1.1" 404 6406
"GET /static/images/misc/FL-NITE-NU33-PP-2_y4OJvZb.banner.jpeg HTTP/1.1" 404 6406
"GET /static/images/misc/FL-NITE-NU33-PP-2.banner.jpeg HTTP/1.1" 404 6374
"GET /static/images/misc/FL-NITE-NU33-PP-2.banner.jpeg HTTP/1.1" 404 6374
"GET /static/images/misc/Nitecore_banner.banner.jpg HTTP/1.1" 404 6362
"GET /static/images/misc/Nitecore_banner.banner.jpg HTTP/1.1" 404 6362
"GET /static/images/misc/banner15.banner.png HTTP/1.1" 404 6334
"GET /static/images/misc/banner15.banner.png HTTP/1.1" 404 6334
"GET /static/images/misc/TINI2-SS-15th-mkt1.banner.jpeg HTTP/1.1" 404 6378
"GET /static/images/misc/TINI2-SS-15th-mkt1.banner.jpeg HTTP/1.1" 404 6378
"GET /static/images/misc/NItecore_UT05_YBq71EM.banner.png HTTP/1.1" 404 6386
"GET /static/images/misc/NItecore_UT05_YBq71EM.banner.png HTTP/1.1" 404 6386
"GET /static/images/misc/Charger_Batteries.banner.jpg HTTP/1.1" 404 6370
"GET /static/images/misc/Charger_Batteries.banner.jpg HTTP/1.1" 404 6370
"GET /static/images/misc/Deal_of_the_Day_Thursday_8.25_aD6tdCN.banner.png HTTP/1.1" 404 6450
"GET /static/images/misc/CLEARANCE_DEAL_TUES_AUG_22_-_Andrew-Amanda.COM_ckJztF2.banner.png HTTP/1.1" 404 6518
"GET /static/images/misc/Deal_of_the_Day_Thursday_8.25_aD6tdCN.banner.png HTTP/1.1" 404 6450
"GET /static/images/misc/CLEARANCE_DEAL_TUES_AUG_22_-_Andrew-Amanda.COM_ckJztF2.banner.png HTTP/1.1" 404 6518
"GET /static/images/misc/banner15_82HKBmE.banner.png HTTP/1.1" 404 6366
"GET /static/images/misc/banner15_82HKBmE.banner.png HTTP/1.1" 404 6366
"GET /static/images/misc/P20iX.banner.png HTTP/1.1" 404 6322
"GET /static/images/misc/P20iX.banner.png HTTP/1.1" 404 6322
"GET /static/images/misc/FL-NITE-NU33-PP-2_y4OJvZb.banner.jpeg HTTP/1.1" 404 6406
"GET /static/images/misc/FL-NITE-NU33-PP-2_y4OJvZb.banner.jpeg HTTP/1.1" 404 6406
"GET /static/images/misc/FL-NITE-NU33-PP-2.banner.jpeg HTTP/1.1" 404 6374
"GET /static/images/misc/FL-NITE-NU33-PP-2.banner.jpeg HTTP/1.1" 404 6374
"GET /static/images/misc/Nitecore_banner.banner.jpg HTTP/1.1" 404 6362
"GET /static/images/misc/Nitecore_banner.banner.jpg HTTP/1.1" 404 6362
"GET /static/images/misc/banner15.banner.png HTTP/1.1" 404 6334
"GET /static/images/misc/banner15.banner.png HTTP/1.1" 404 6334
"GET /static/images/misc/TINI2-SS-15th-mkt1.banner.jpeg HTTP/1.1" 404 6378
"GET /static/images/misc/TINI2-SS-15th-mkt1.banner.jpeg HTTP/1.1" 404 6378
"GET /static/images/misc/NItecore_UT05_YBq71EM.banner.png HTTP/1.1" 404 6386
"GET /static/images/misc/NItecore_UT05_YBq71EM.banner.png HTTP/1.1" 404 6386
"GET /static/images/misc/Charger_Batteries.banner.jpg HTTP/1.1" 404 6370
"GET /static/images/misc/Charger_Batteries.banner.jpg HTTP/1.1" 404 6370
"GET /static/images/misc/Deal_of_the_Day_Thursday_8.25_aD6tdCN.banner.png HTTP/1.1" 404 6450
"GET /static/images/misc/CLEARANCE_DEAL_TUES_AUG_22_-_Andrew-Amanda.COM_ckJztF2.banner.png HTTP/1.1" 404 6518
"GET /static/images/misc/Deal_of_the_Day_Thursday_8.25_aD6tdCN.banner.png HTTP/1.1" 404 6450
"GET /static/images/misc/CLEARANCE_DEAL_TUES_AUG_22_-_Andrew-Amanda.COM_ckJztF2.banner.png HTTP/1.1" 404 6518
"GET /static/images/misc/banner15_82HKBmE.banner.png HTTP/1.1" 404 6366
"GET /static/images/misc/banner15_82HKBmE.banner.png HTTP/1.1" 404 6366
"GET /static/images/misc/P20iX.banner.png HTTP/1.1" 404 6322
"GET /static/images/misc/P20iX.banner.png HTTP/1.1" 404 6322
"GET /static/images/misc/FL-NITE-NU33-PP-2_y4OJvZb.banner.jpeg HTTP/1.1" 404 6406
"GET /static/images/misc/FL-NITE-NU33-PP-2_y4OJvZb.banner.jpeg HTTP/1.1" 404 6406
"GET /static/images/misc/FL-NITE-NU33-PP-2.banner.jpeg HTTP/1.1" 404 6374
"GET /static/images/misc/FL-NITE-NU33-PP-2.banner.jpeg HTTP/1.1" 404 6374
"GET /static/images/misc/Nitecore_banner.banner.jpg HTTP/1.1" 404 6362
"GET /static/base/desktop/img/header-6.0/header-images.png HTTP/1.1" 404 6390
"GET /misc/customer_service/ HTTP/1.1" 200 78715
"GET /static/images/siteImg/checkout-icon.jpg HTTP/1.1" 404 6338
"GET /static/images/brands/main/fol_xKs6i5L.thumbnail.jpg HTTP/1.1" 404 6386
"GET /static/images/brands/main/klarus.thumbnail.png HTTP/1.1" 404 6366
"GET /static/images/siteImg/newsletter-icon-e1480902772716.jpeg HTTP/1.1" 404 6410
"GET /static/images/brands/main/fol_xKs6i5L.thumbnail.jpg HTTP/1.1" 404 6386
"GET /static/images/brands/main/klarus.thumbnail.png HTTP/1.1" 404 6366
"GET /static/base/desktop/img/header-6.0/header-images.png HTTP/1.1" 404 6390
"GET /misc/secure_shopping/ HTTP/1.1" 200 72993
"GET /static/images/siteImg/checkout-icon.jpg HTTP/1.1" 404 6338
"GET /static/images/brands/main/fol_xKs6i5L.thumbnail.jpg HTTP/1.1" 404 6386
"GET /static/images/brands/main/klarus.thumbnail.png HTTP/1.1" 404 6366
"GET /static/images/siteImg/newsletter-icon-e1480902772716.jpeg HTTP/1.1" 404 6410
"GET /static/images/misc/Nitecore_banner.banner.jpg HTTP/1.1" 404 6362
"GET /static/images/misc/banner15.banner.png HTTP/1.1" 404 6334
"GET /static/images/misc/banner15.banner.png HTTP/1.1" 404 6334
"GET /static/images/misc/TINI2-SS-15th-mkt1.banner.jpeg HTTP/1.1" 404 6378
"GET /misc/customer_service/ HTTP/1.1" 200 78715
"GET /static/images/siteImg/checkout-icon.jpg HTTP/1.1" 404 6338
"GET /static/images/brands/main/fol_xKs6i5L.thumbnail.jpg HTTP/1.1" 404 6386
"GET /static/images/siteImg/newsletter-icon-e1480902772716.jpeg HTTP/1.1" 404 6410
"GET /static/images/brands/main/klarus.thumbnail.png HTTP/1.1" 404 6366
"GET /static/images/misc/TINI2-SS-15th-mkt1.banner.jpeg HTTP/1.1" 404 6378
"GET /static/images/misc/NItecore_UT05_YBq71EM.banner.png HTTP/1.1" 404 6386
"GET /misc/secure_shopping/ HTTP/1.1" 200 72993
"GET /static/images/siteImg/checkout-icon.jpg HTTP/1.1" 404 6338
"GET /static/images/brands/main/fol_xKs6i5L.thumbnail.jpg HTTP/1.1" 404 6386
"GET /static/images/brands/main/klarus.thumbnail.png HTTP/1.1" 404 6366
"GET /static/images/brands/main/fol_xKs6i5L.thumbnail.jpg HTTP/1.1" 404 6386
"GET /static/images/siteImg/newsletter-icon-e1480902772716.jpeg HTTP/1.1" 404 6410
"GET /static/images/brands/main/klarus.thumbnail.png HTTP/1.1" 404 6366
"GET /accounts/my_account/ HTTP/1.1" 200 123346
"GET /static/images/siteImg/checkout-icon.jpg HTTP/1.1" 404 6338
"GET /static/images/brands/main/fol_xKs6i5L.thumbnail.jpg HTTP/1.1" 404 6386
"GET /static/images/brands/main/klarus.thumbnail.png HTTP/1.1" 404 6366
"GET /static/images/siteImg/newsletter-icon-e1480902772716.jpeg HTTP/1.1" 404 6410
"GET /static/images/brands/main/fol_xKs6i5L.thumbnail.jpg HTTP/1.1" 404 6386
"GET /static/images/brands/main/klarus.thumbnail.png HTTP/1.1" 404 6366
Internal Server Error: /misc/testimonial/
Traceback (most recent call last):
  File "/Users/wangmingye/Projects/env/lib/python3.9/site-packages/django/core/handlers/exception.py", line 55, in inner
    response = get_response(request)
  File "/Users/wangmingye/Projects/env/lib/python3.9/site-packages/django/core/handlers/base.py", line 197, in _get_response
    response = wrapped_callback(request, *callback_args, **callback_kwargs)
  File "/Users/wangmingye/Projects/flashlights/ecomstore/misc/views.py", line 280, in testimonial_manage
    captcha = createCaptcha(request)
  File "/Users/wangmingye/Projects/flashlights/ecomstore/utils/captcha.py", line 34, in createCaptcha
    im=Image.open(MEDIA_ROOT+'/images/siteImg/bg.jpg')
  File "/Users/wangmingye/Projects/env/lib/python3.9/site-packages/PIL/Image.py", line 3092, in open
    fp = builtins.open(filename, "rb")
FileNotFoundError: [Errno 2] No such file or directory: '/Users/wangmingye/Projects/flashlights/ecomstore/static/images/siteImg/bg.jpg'
"GET /misc/testimonial/ HTTP/1.1" 500 107502
"GET /accounts/my_account/ HTTP/1.1" 200 123346
"GET /static/images/siteImg/checkout-icon.jpg HTTP/1.1" 404 6338
"GET /static/images/siteImg/newsletter-icon-e1480902772716.jpeg HTTP/1.1" 404 6410
"GET /static/images/misc/NItecore_UT05_YBq71EM.banner.png HTTP/1.1" 404 6386
"GET /static/images/misc/Charger_Batteries.banner.jpg HTTP/1.1" 404 6370
"GET /static/images/misc/Charger_Batteries.banner.jpg HTTP/1.1" 404 6370
"GET /static/images/misc/Deal_of_the_Day_Thursday_8.25_aD6tdCN.banner.png HTTP/1.1" 404 6450
"GET /static/images/misc/Deal_of_the_Day_Thursday_8.25_aD6tdCN.banner.png HTTP/1.1" 404 6450
"GET /static/images/misc/CLEARANCE_DEAL_TUES_AUG_22_-_Andrew-Amanda.COM_ckJztF2.banner.png HTTP/1.1" 404 6518
"GET /static/images/misc/CLEARANCE_DEAL_TUES_AUG_22_-_Andrew-Amanda.COM_ckJztF2.banner.png HTTP/1.1" 404 6518
"GET /static/images/misc/banner15_82HKBmE.banner.png HTTP/1.1" 404 6366
"GET /static/images/misc/banner15_82HKBmE.banner.png HTTP/1.1" 404 6366
"GET /static/images/misc/P20iX.banner.png HTTP/1.1" 404 6322
"GET /static/images/misc/P20iX.banner.png HTTP/1.1" 404 6322
"GET /static/images/misc/FL-NITE-NU33-PP-2_y4OJvZb.banner.jpeg HTTP/1.1" 404 6406
"GET /static/images/misc/FL-NITE-NU33-PP-2.banner.jpeg HTTP/1.1" 404 6374
"GET /static/images/misc/FL-NITE-NU33-PP-2_y4OJvZb.banner.jpeg HTTP/1.1" 404 6406
"GET /static/images/misc/FL-NITE-NU33-PP-2.banner.jpeg HTTP/1.1" 404 6374
"GET /static/images/misc/Nitecore_banner.banner.jpg HTTP/1.1" 404 6362
"GET /static/images/misc/Nitecore_banner.banner.jpg HTTP/1.1" 404 6362
"GET /static/images/misc/banner15.banner.png HTTP/1.1" 404 6334
"GET /static/images/misc/banner15.banner.png HTTP/1.1" 404 6334
"GET /static/images/misc/TINI2-SS-15th-mkt1.banner.jpeg HTTP/1.1" 404 6378
"GET /static/images/misc/TINI2-SS-15th-mkt1.banner.jpeg HTTP/1.1" 404 6378
"GET /static/images/misc/NItecore_UT05_YBq71EM.banner.png HTTP/1.1" 404 6386
"GET /static/images/misc/NItecore_UT05_YBq71EM.banner.png HTTP/1.1" 404 6386
"GET /static/images/misc/Charger_Batteries.banner.jpg HTTP/1.1" 404 6370
"GET /static/images/misc/Charger_Batteries.banner.jpg HTTP/1.1" 404 6370
"GET /static/images/misc/Deal_of_the_Day_Thursday_8.25_aD6tdCN.banner.png HTTP/1.1" 404 6450
"GET /static/images/misc/Deal_of_the_Day_Thursday_8.25_aD6tdCN.banner.png HTTP/1.1" 404 6450
"GET /static/images/misc/CLEARANCE_DEAL_TUES_AUG_22_-_Andrew-Amanda.COM_ckJztF2.banner.png HTTP/1.1" 404 6518
"GET /static/images/misc/CLEARANCE_DEAL_TUES_AUG_22_-_Andrew-Amanda.COM_ckJztF2.banner.png HTTP/1.1" 404 6518
"GET /static/images/misc/banner15_82HKBmE.banner.png HTTP/1.1" 404 6366
"GET /static/images/misc/banner15_82HKBmE.banner.png HTTP/1.1" 404 6366
"GET /static/images/misc/P20iX.banner.png HTTP/1.1" 404 6322
"GET /static/images/misc/P20iX.banner.png HTTP/1.1" 404 6322
"GET /static/images/misc/FL-NITE-NU33-PP-2_y4OJvZb.banner.jpeg HTTP/1.1" 404 6406
"GET /static/images/misc/FL-NITE-NU33-PP-2_y4OJvZb.banner.jpeg HTTP/1.1" 404 6406
"GET /static/images/misc/FL-NITE-NU33-PP-2.banner.jpeg HTTP/1.1" 404 6374
"GET /static/images/misc/FL-NITE-NU33-PP-2.banner.jpeg HTTP/1.1" 404 6374
"GET /static/images/misc/Nitecore_banner.banner.jpg HTTP/1.1" 404 6362
"GET /static/images/misc/Nitecore_banner.banner.jpg HTTP/1.1" 404 6362
"GET /static/images/misc/banner15.banner.png HTTP/1.1" 404 6334
"GET /static/images/misc/banner15.banner.png HTTP/1.1" 404 6334
"GET /static/images/misc/TINI2-SS-15th-mkt1.banner.jpeg HTTP/1.1" 404 6378
"GET /static/images/misc/TINI2-SS-15th-mkt1.banner.jpeg HTTP/1.1" 404 6378
"GET /static/images/misc/NItecore_UT05_YBq71EM.banner.png HTTP/1.1" 404 6386
"GET /static/images/misc/NItecore_UT05_YBq71EM.banner.png HTTP/1.1" 404 6386
"GET /static/images/misc/Charger_Batteries.banner.jpg HTTP/1.1" 404 6370
"GET /static/images/misc/Deal_of_the_Day_Thursday_8.25_aD6tdCN.banner.png HTTP/1.1" 404 6450
"GET /static/images/misc/Charger_Batteries.banner.jpg HTTP/1.1" 404 6370
"GET /static/images/misc/CLEARANCE_DEAL_TUES_AUG_22_-_Andrew-Amanda.COM_ckJztF2.banner.png HTTP/1.1" 404 6518
"GET /static/images/misc/Deal_of_the_Day_Thursday_8.25_aD6tdCN.banner.png HTTP/1.1" 404 6450
"GET /static/images/misc/CLEARANCE_DEAL_TUES_AUG_22_-_Andrew-Amanda.COM_ckJztF2.banner.png HTTP/1.1" 404 6518
"GET /static/images/misc/banner15_82HKBmE.banner.png HTTP/1.1" 404 6366
"GET /static/images/misc/banner15_82HKBmE.banner.png HTTP/1.1" 404 6366
"GET /static/images/misc/P20iX.banner.png HTTP/1.1" 404 6322
"GET /static/images/misc/P20iX.banner.png HTTP/1.1" 404 6322
"GET /static/images/misc/FL-NITE-NU33-PP-2_y4OJvZb.banner.jpeg HTTP/1.1" 404 6406
"GET /static/images/misc/FL-NITE-NU33-PP-2_y4OJvZb.banner.jpeg HTTP/1.1" 404 6406
"GET /static/images/misc/FL-NITE-NU33-PP-2.banner.jpeg HTTP/1.1" 404 6374
"GET /static/images/misc/FL-NITE-NU33-PP-2.banner.jpeg HTTP/1.1" 404 6374
"GET /static/images/misc/Nitecore_banner.banner.jpg HTTP/1.1" 404 6362
"GET /static/images/misc/Nitecore_banner.banner.jpg HTTP/1.1" 404 6362
"GET /static/images/misc/banner15.banner.png HTTP/1.1" 404 6334
"GET /static/images/misc/banner15.banner.png HTTP/1.1" 404 6334
"GET /static/images/misc/TINI2-SS-15th-mkt1.banner.jpeg HTTP/1.1" 404 6378
"GET /static/images/misc/TINI2-SS-15th-mkt1.banner.jpeg HTTP/1.1" 404 6378
"GET /static/images/misc/TINI2-SS-15th-mkt1.banner.jpeg HTTP/1.1" 404 6378
"GET /static/images/misc/NItecore_UT05_YBq71EM.banner.png HTTP/1.1" 404 6386
"GET /static/images/misc/TINI2-SS-15th-mkt1.banner.jpeg HTTP/1.1" 404 6378
"GET /search/results/?form_state=searchForm&ezpz_hint_dummy_input=Enter+the+search+keywords&q=EDC27&image.x=0&image.y=0 HTTP/1.1" 200 76043
"GET /static/images/siteImg/checkout-icon.jpg HTTP/1.1" 404 6338
"GET /static/images/brands/main/fol_xKs6i5L.thumbnail.jpg HTTP/1.1" 404 6386
"GET /static/images/brands/main/klarus.thumbnail.png HTTP/1.1" 404 6366
"GET /static/images/siteImg/newsletter-icon-e1480902772716.jpeg HTTP/1.1" 404 6410
"GET /static/images/products/main/EDC27Bubble.thumbnail.jpg HTTP/1.1" 404 6394
"GET /static/images/products/main/EDC27-main_2eEY0rQ.thumbnail.jpg HTTP/1.1" 404 6422
"GET /static/images/brands/main/fol_xKs6i5L.thumbnail.jpg HTTP/1.1" 404 6386
"GET /static/base/desktop/img/header-6.0/header-images.png HTTP/1.1" 404 6390
Watching for file changes with StatReloader
"GET /search/results/?form_state=searchForm&ezpz_hint_dummy_input=Enter+the+search+keywords&q=EDC27&image.x=0&image.y=0 HTTP/1.1" 200 77523
"GET /static/images/products/main/EDC27Bubble.thumbnail.jpg HTTP/1.1" 404 6394
"GET /static/images/siteImg/newsletter-icon-e1480902772716.jpeg HTTP/1.1" 404 6410
"GET /static/images/brands/main/fol_xKs6i5L.thumbnail.jpg HTTP/1.1" 404 6386
"GET /static/images/siteImg/checkout-icon.jpg HTTP/1.1" 404 6338
"GET /static/images/products/main/EDC27-main_2eEY0rQ.thumbnail.jpg HTTP/1.1" 404 6422
"GET /static/images/brands/main/klarus.thumbnail.png HTTP/1.1" 404 6366
Watching for file changes with StatReloader
"GET /admin/ HTTP/1.1" 200 99224
"GET /admin/checkout/stripepaymentattempt/ HTTP/1.1" 200 46879
"GET /admin/jsi18n/ HTTP/1.1" 200 3343
"GET /admin/checkout/stripepaymentattempt/add/ HTTP/1.1" 200 852754
"GET /admin/jsi18n/ HTTP/1.1" 200 3343
